,Date,Troop,Latitude,Longitude,Count,Complete Count?,ObsYear,ObsMonth,Tuple,cleaner
22,2013-09-05,CCH,,,19.0,,2013.0,9.0,"(9.0, 2013.0)",1.0
23,2013-09-12,CCH,-17.82746,25.13761,18.0,,2013.0,9.0,"(9.0, 2013.0)",1.0
24,2013-09-25,CCH,-17.8274,25.13817,15.0,,2013.0,9.0,"(9.0, 2013.0)",1.0
25,2013-10-01,CCH,-17.79475,25.15429,21.0,,2013.0,10.0,"(10.0, 2013.0)",1.0
26,2013-10-02,CCH,-17.82833,25.13828,18.0,,2013.0,10.0,"(10.0, 2013.0)",1.0
27,2013-10-10,CCH,-17.82761,25.13788,5.0,,2013.0,10.0,"(10.0, 2013.0)",1.0
28,2013-10-17,CCH,-17.82761,25.13788,5.0,,2013.0,10.0,"(10.0, 2013.0)",1.0
29,2013-10-22,CCH,-17.82794,25.13705,4.0,,2013.0,10.0,"(10.0, 2013.0)",1.0
30,2013-10-31,CCH,-17.82794,25.13705,4.0,,2013.0,10.0,"(10.0, 2013.0)",1.0
31,2013-11-21,CCH,-17.83082,25.14933,16.0,,2013.0,11.0,"(11.0, 2013.0)",1.0
32,2013-11-28,CCH,-17.83082,25.14933,16.0,,2013.0,11.0,"(11.0, 2013.0)",1.0
33,2013-11-29,CCH,-17.82805,25.13716,4.0,,2013.0,11.0,"(11.0, 2013.0)",1.0
34,2013-12-04,CCH,-17.82805,25.13716,4.0,,2013.0,12.0,"(12.0, 2013.0)",1.0
35,2013-12-05,CCH,-17.82787,25.1375,9.0,,2013.0,12.0,"(12.0, 2013.0)",1.0
36,2013-12-12,CCH,-17.82736,25.13829,14.0,,2013.0,12.0,"(12.0, 2013.0)",1.0
37,2013-12-12,CCH,-17.82787,25.1375,9.0,,2013.0,12.0,"(12.0, 2013.0)",1.0
38,2013-12-17,CCH,-17.82635,25.13841,12.0,,2013.0,12.0,"(12.0, 2013.0)",1.0
39,2014-01-10,CCH,-17.82736,25.13829,14.0,,2014.0,1.0,"(1.0, 2014.0)",1.0
40,2014-01-14,CCH,-17.82635,25.13841,12.0,,2014.0,1.0,"(1.0, 2014.0)",1.0
41,2014-01-16,CCH,-17.79475,25.15429,21.0,,2014.0,1.0,"(1.0, 2014.0)",1.0
42,2014-02-02,CCH,-17.82777,25.13877,11.0,,2014.0,2.0,"(2.0, 2014.0)",1.0
43,2014-02-03,CCH,-17.82777,25.13877,11.0,,2014.0,2.0,"(2.0, 2014.0)",1.0
44,2014-02-20,CCH,-17.82661,25.13939,13.0,,2014.0,2.0,"(2.0, 2014.0)",1.0
45,2014-02-27,CCH,-17.82777,25.13877,11.0,,2014.0,2.0,"(2.0, 2014.0)",1.0
46,2014-02-28,CCH,-17.82661,25.13939,13.0,,2014.0,2.0,"(2.0, 2014.0)",1.0
57,2015-10-30,CCH,-17.8277323,25.1380786,10.0,,2015.0,10.0,"(10.0, 2015.0)",1.0
58,2015-11-21,CCH,,,13.0,,2015.0,11.0,"(11.0, 2015.0)",1.0
59,2015-12-30,CCH,-17.8277323,25.1380786,2.0,,2015.0,12.0,"(12.0, 2015.0)",1.0
60,2016-01-12,CCH,17.82628,25.13815,7.0,No,2016.0,1.0,"(1.0, 2016.0)",1.0
61,2016-01-13,CCH,17.82628,25.13815,7.0,No,2016.0,1.0,"(1.0, 2016.0)",1.0
62,2016-01-15,CCH,17.82628,25.13815,12.0,No,2016.0,1.0,"(1.0, 2016.0)",1.0
63,2016-01-18,CCH,17.82628,25.13815,8.0,,2016.0,1.0,"(1.0, 2016.0)",1.0
64,2016-01-21,CCH,17.8289,25.13665,8.0,,2016.0,1.0,"(1.0, 2016.0)",1.0
65,2016-01-29,CCH,-,-,1.0,,2016.0,1.0,"(1.0, 2016.0)",1.0
66,2016-02-01,CCH,-,-,1.0,,2016.0,2.0,"(2.0, 2016.0)",1.0
67,2016-03-17,CCH,17.82765,25.13747,19.0,No,2016.0,3.0,"(3.0, 2016.0)",1.0
68,2016-03-18,CCH,17.82765,25.13747,2.0,No,2016.0,3.0,"(3.0, 2016.0)",1.0
69,2016-03-19,CCH,17.82765,25.13747,2.0,No,2016.0,3.0,"(3.0, 2016.0)",1.0
70,2016-04-15,CCH,17.82656,25.13838,38.0,No,2016.0,4.0,"(4.0, 2016.0)",1.0
71,2016-04-27,CCH,17.82784,25.13783,33.0,,2016.0,4.0,"(4.0, 2016.0)",1.0
72,2016-05-04,CCH,17.80206,25.14918,22.0,No,2016.0,5.0,"(5.0, 2016.0)",1.0
73,2016-06-16,CCH,17.80206,25.14918,13.0,No,2016.0,6.0,"(6.0, 2016.0)",1.0
74,2016-06-20,CCH,17.80206,25.14918,20.0,No,2016.0,6.0,"(6.0, 2016.0)",1.0
75,2016-06-24,CCH,-,-,20.0,No,2016.0,6.0,"(6.0, 2016.0)",1.0
76,2016-07-07,CCH,17.79494,25.21364,19.0,No,2016.0,7.0,"(7.0, 2016.0)",1.0
77,2016-07-22,CCH,17.80817,25.153,4.0,No,2016.0,7.0,"(7.0, 2016.0)",1.0
78,2016-08-01,CCH,17.82737,25.13812,13.0,No,2016.0,8.0,"(8.0, 2016.0)",1.0
79,2016-09-06,CCH,17.79572,25.15422,24.0,No,2016.0,9.0,"(9.0, 2016.0)",1.0
80,2016-09-15,CCH,17.82737,25.13812,24.0,,2016.0,9.0,"(9.0, 2016.0)",1.0
81,2016-10-12,CCH,17.8263,25.13799,24.0,No,2016.0,10.0,"(10.0, 2016.0)",1.0
82,2016-10-14,CCH,17.8263,25.13799,26.0,No,2016.0,10.0,"(10.0, 2016.0)",1.0
83,2016-10-20,CCH,17.827898,25.136796,25.0,No,2016.0,10.0,"(10.0, 2016.0)",1.0
84,2016-12-19,CCH,17.82645,25.134429,6.0,,2016.0,12.0,"(12.0, 2016.0)",1.0
85,2017-01-20,CCH,17.82789,25.13895,5.0,,2017.0,1.0,"(1.0, 2017.0)",1.0
86,2017-01-26,CCH,17.827612,25.137903,3.0,No,2017.0,1.0,"(1.0, 2017.0)",1.0
87,2017-01-27,CCH,17.827612,25.137903,17.0,No,2017.0,1.0,"(1.0, 2017.0)",1.0
88,2017-02-02,CCH,17.827612,25.137988,20.0,No,2017.0,2.0,"(2.0, 2017.0)",1.0
89,2017-02-07,CCH,17.827612,25.137903,20.0,No,2017.0,2.0,"(2.0, 2017.0)",1.0
90,2017-02-17,CCH,17.8274,25.13809,10.0,No,2017.0,2.0,"(2.0, 2017.0)",1.0
91,2017-02-21,CCH,17.8274,25.13809,20.0,,2017.0,2.0,"(2.0, 2017.0)",1.0
92,2017-02-27,CCH,17.82718,25.13829,18.0,,2017.0,2.0,"(2.0, 2017.0)",1.0
93,2017-03-13,CCH,-17.82782,25.13804,17.0,,2017.0,3.0,"(3.0, 2017.0)",1.0
94,2017-04-13,CCH,-17.82927,25.13676,35.0,30,2017.0,4.0,"(4.0, 2017.0)",1.0
95,2017-05-05,CCH,-17.82771,25.13744,29.0,Yes,2017.0,5.0,"(5.0, 2017.0)",1.0
96,2017-05-10,CCH,-17.82755,25.13807,27.0,No,2017.0,5.0,"(5.0, 2017.0)",1.0
97,2017-05-11,CCH,-17.82758,25.13817,24.0,Yes,2017.0,5.0,"(5.0, 2017.0)",1.0
98,2017-06-08,CCH,-17.82847,25.13948,46.0,Yes,2017.0,6.0,"(6.0, 2017.0)",1.0
99,2017-06-15,CCH,-1782016,25.1382,12.0,No,2017.0,6.0,"(6.0, 2017.0)",1.0
100,2017-06-21,CCH,-17.82625,25.13834,48.0,No,2017.0,6.0,"(6.0, 2017.0)",1.0
101,2017-07-13,CCH,-17.8277,25.13804,20.0,No,2017.0,7.0,"(7.0, 2017.0)",1.0
102,2017-07-30,CCH,-17.82842,25.13982,1.0,No,2017.0,7.0,"(7.0, 2017.0)",1.0
103,2017-08-06,CCH,-17.82744,25.13749,54.0,Yes,2017.0,8.0,"(8.0, 2017.0)",1.0
104,2017-09-07,CCH,-17.82757,25.13818,32.0,No,2017.0,9.0,"(9.0, 2017.0)",1.0
105,2017-09-14,CCH,-17.82753,25.13.915,24.0,No,2017.0,9.0,"(9.0, 2017.0)",1.0
106,2017-09-28,CCH,-17.82762,25.13812,22.0,No,2017.0,9.0,"(9.0, 2017.0)",1.0
107,2017-10-13,CCH,-17.828113,25.136941,26.0,Yes,2017.0,10.0,"(10.0, 2017.0)",1.0
108,2017-11-20,CCH,-17.82781,25.13809,14.0,No,2017.0,11.0,"(11.0, 2017.0)",1.0
109,2017-11-29,CCH,-17.82885,25.13878,24.0,No,2017.0,11.0,"(11.0, 2017.0)",1.0
119,2012-04-11,CGL,,,30.0,,2012.0,4.0,"(4.0, 2012.0)",1.0
120,2012-05-04,CGL,,,40.0,,2012.0,5.0,"(5.0, 2012.0)",1.0
121,2012-06-13,CGL,,,37.0,,2012.0,6.0,"(6.0, 2012.0)",1.0
122,2012-07-11,CGL,,,33.0,,2012.0,7.0,"(7.0, 2012.0)",1.0
123,2012-07-26,CGL,,,32.0,,2012.0,7.0,"(7.0, 2012.0)",1.0
124,2012-08-23,CGL,,,36.0,,2012.0,8.0,"(8.0, 2012.0)",1.0
125,2012-09-06,CGL,,,24.0,No,2012.0,9.0,"(9.0, 2012.0)",1.0
126,2012-09-14,CGL,,,20.0,No,2012.0,9.0,"(9.0, 2012.0)",1.0
127,2012-10-19,CGL,,,35.0,,2012.0,10.0,"(10.0, 2012.0)",1.0
128,2012-11-06,CGL,,,0.0,,2012.0,11.0,"(11.0, 2012.0)",1.0
129,2012-11-19,CGL,,,22.0,,2012.0,11.0,"(11.0, 2012.0)",1.0
130,2012-11-28,CGL,,,19.0,,2012.0,11.0,"(11.0, 2012.0)",1.0
138,2013-09-05,CGL,-17.84224,25.07551,20.0,,2013.0,9.0,"(9.0, 2013.0)",1.0
139,2013-09-09,CGL,-17.84224,25.07551,20.0,,2013.0,9.0,"(9.0, 2013.0)",1.0
140,2013-09-12,CGL,-17.84113,25.07636,37.0,No,2013.0,9.0,"(9.0, 2013.0)",1.0
141,2013-09-18,CGL,-17.84113,25.07636,37.0,,2013.0,9.0,"(9.0, 2013.0)",1.0
142,2013-09-19,CGL,,,9.0,,2013.0,9.0,"(9.0, 2013.0)",1.0
143,2013-09-25,CGL,,,9.0,,2013.0,9.0,"(9.0, 2013.0)",1.0
144,2013-10-03,CGL,-17.84139,25.07655,34.0,,2013.0,10.0,"(10.0, 2013.0)",1.0
145,2013-10-10,CGL,-17.84042,25.0762,29.0,,2013.0,10.0,"(10.0, 2013.0)",1.0
146,2013-10-17,CGL,-17.84096,25.07728,32.0,,2013.0,10.0,"(10.0, 2013.0)",1.0
147,2013-10-18,CGL,-17.84042,25.0762,29.0,,2013.0,10.0,"(10.0, 2013.0)",1.0
148,2013-10-24,CGL,-17.84169,25.07614,20.0,,2013.0,10.0,"(10.0, 2013.0)",1.0
149,2013-10-31,CGL,-17.6427,25.08048,20.0,,2013.0,10.0,"(10.0, 2013.0)",1.0
150,2013-11-04,CGL,-17.84169,25.07614,20.0,,2013.0,11.0,"(11.0, 2013.0)",1.0
151,2013-11-15,CGL,-17.84145,25.07612,11.0,,2013.0,11.0,"(11.0, 2013.0)",1.0
152,2013-11-21,CGL,-17.6427,25.08048,20.0,,2013.0,11.0,"(11.0, 2013.0)",1.0
153,2013-11-21,CGL,-17.84145,25.07612,11.0,,2013.0,11.0,"(11.0, 2013.0)",1.0
154,2013-11-22,CGL,-17.842,25.07747,18.0,,2013.0,11.0,"(11.0, 2013.0)",1.0
155,2013-12-05,CGL,-17.84363,25.0734,38.0,,2013.0,12.0,"(12.0, 2013.0)",1.0
156,2013-12-12,CGL,-17.84042,25.07956,15.0,,2013.0,12.0,"(12.0, 2013.0)",1.0
157,2014-01-03,CGL,-17.84042,25.07956,15.0,,2014.0,1.0,"(1.0, 2014.0)",1.0
158,2014-01-31,CGL,-17.84162,25.07573,29.0,,2014.0,1.0,"(1.0, 2014.0)",1.0
159,2014-02-25,CGL,-17.84162,25.07573,29.0,,2014.0,2.0,"(2.0, 2014.0)",1.0
162,2016-01-13,CGL,-,-,18.0,,2016.0,1.0,"(1.0, 2016.0)",1.0
163,2016-01-14,CGL,17.84295,25.07788,20.0,No,2016.0,1.0,"(1.0, 2016.0)",1.0
164,2016-01-22,CGL,17.84129,25.07511,8.0,,2016.0,1.0,"(1.0, 2016.0)",1.0
165,2016-02-17,CGL,17.84233,25.0754,7.0,No,2016.0,2.0,"(2.0, 2016.0)",1.0
166,2016-02-23,CGL,17.84103,25.07688,11.0,,2016.0,2.0,"(2.0, 2016.0)",1.0
167,2016-02-25,CGL,17.84161,25.0761,13.0,Yes,2016.0,2.0,"(2.0, 2016.0)",1.0
168,2016-02-26,CGL,17.84072,25.07431,8.0,No,2016.0,2.0,"(2.0, 2016.0)",1.0
169,2016-03-02,CGL,17.84149,25.07759,12.0,No,2016.0,3.0,"(3.0, 2016.0)",1.0
170,2016-03-04,CGL,-,-,7.0,No,2016.0,3.0,"(3.0, 2016.0)",1.0
171,2016-03-09,CGL,-,-,12.0,No,2016.0,3.0,"(3.0, 2016.0)",1.0
172,2016-03-10,CGL,17.84168,25.07618,5.0,,2016.0,3.0,"(3.0, 2016.0)",1.0
173,2016-04-18,CGL,17.84288,25.07571,10.0,No,2016.0,4.0,"(4.0, 2016.0)",1.0
174,2016-05-09,CGL,17.84167,25.07586,12.0,,2016.0,5.0,"(5.0, 2016.0)",1.0
175,2016-05-11,CGL,17.84421,25.07811,10.0,,2016.0,5.0,"(5.0, 2016.0)",1.0
176,2016-06-08,CGL,17.8454,025. 07574,6.0,No,2016.0,6.0,"(6.0, 2016.0)",1.0
177,2016-06-16,CGL,17.84261,25.07565,5.0,No,2016.0,6.0,"(6.0, 2016.0)",1.0
178,2016-06-27,CGL,17.84206,25.07827,10.0,,2016.0,6.0,"(6.0, 2016.0)",1.0
179,2016-06-30,CGL,17.84172,25.076,4.0,No,2016.0,6.0,"(6.0, 2016.0)",1.0
180,2016-07-20,CGL,17.84204,25.07586,4.0,Yes,2016.0,7.0,"(7.0, 2016.0)",1.0
181,2016-08-25,CGL,17.842977,25.077791,8.0,No,2016.0,8.0,"(8.0, 2016.0)",1.0
182,2016-09-20,CGL,17.84345,25.07621,12.0,,2016.0,9.0,"(9.0, 2016.0)",1.0
183,2016-09-23,CGL,17.84254,25.0761,12.0,No,2016.0,9.0,"(9.0, 2016.0)",1.0
184,2016-10-17,CGL,17.8421,25.07473,16.0,No,2016.0,10.0,"(10.0, 2016.0)",1.0
185,2016-10-24,CGL,17.842,25.07936,4.0,No,2016.0,10.0,"(10.0, 2016.0)",1.0
189,2017-03-09,CGL,17.8414,25.0757,16.0,,2017.0,3.0,"(3.0, 2017.0)",1.0
190,2017-03-31,CGL,-17.8405,25.07631,10.0,Yes,2017.0,3.0,"(3.0, 2017.0)",1.0
191,2017-04-07,CGL,-17.83644,25.10241,22.0,30,2017.0,4.0,"(4.0, 2017.0)",1.0
192,2017-05-15,CGL,-17.84292,25.0769,27.0,No,2017.0,5.0,"(5.0, 2017.0)",1.0
193,2017-05-22,CGL,-17.84021,25.07505,27.0,Yes,2017.0,5.0,"(5.0, 2017.0)",1.0
194,2017-06-18,CGL,-17.84197,25.07596,10.0,No,2017.0,6.0,"(6.0, 2017.0)",1.0
195,2017-07-05,CGL,-17.84152,25.07842,4.0,No,2017.0,7.0,"(7.0, 2017.0)",1.0
196,2017-08-12,CGL,-17.842,25.07955,7.0,No,2017.0,8.0,"(8.0, 2017.0)",1.0
197,2017-08-12,CGL,-17.842493,25.076074,12.0,Yes,2017.0,8.0,"(8.0, 2017.0)",1.0
198,2017-08-29,CGL,-17.84162,25.07571,11.0,Yes,2017.0,8.0,"(8.0, 2017.0)",1.0
199,2017-10-13,CGL,-17.84243,25.07562,15.0,No,2017.0,10.0,"(10.0, 2017.0)",1.0
200,2017-10-19,CGL,-17.84432,25.07805,10.0,No,2017.0,10.0,"(10.0, 2017.0)",1.0
201,2017-11-20,CGL,-17.84117,25.0758,13.0,No,2017.0,11.0,"(11.0, 2017.0)",1.0
202,2017-11-30,CGL,-17.84341,25.07618,9.0,No,2017.0,11.0,"(11.0, 2017.0)",1.0
203,2017-12-13,CGL,-17.8432,25.07133,8.0,No,2017.0,12.0,"(12.0, 2017.0)",1.0
204,2017-12-19,CGL,-17.84206,25.08055,20.0,No,2017.0,12.0,"(12.0, 2017.0)",1.0
205,2018-01-08,CGL,-17.84275,25.07626,12.0,No,2018.0,1.0,"(1.0, 2018.0)",1.0
206,2018-01-12,CGL,-17.8447,25.0793,5.0,No,2018.0,1.0,"(1.0, 2018.0)",1.0
207,2018-01-18,CGL,-17.842166,25.075591,8.0,No,2018.0,1.0,"(1.0, 2018.0)",1.0
208,2018-01-26,CGL,-17.84066,25.077163,15.0,No,2018.0,1.0,"(1.0, 2018.0)",1.0
209,2018-01-30,CGL,-17.84046,25.07735,17.0,No,2018.0,1.0,"(1.0, 2018.0)",1.0
210,2018-02-15,CGL,-17.84273,25.07604,10.0,No,2018.0,2.0,"(2.0, 2018.0)",1.0
211,2018-02-19,CGL,-17.84251,25.073773,8.0,No,2018.0,2.0,"(2.0, 2018.0)",1.0
212,2018-03-06,CGL,,,10.0,No,2018.0,3.0,"(3.0, 2018.0)",1.0
213,2018-03-28,CGL,-17.842826,25.07622,15.0,No,2018.0,3.0,"(3.0, 2018.0)",1.0
227,2011-12-05,CSL,,,17.0,,2011.0,12.0,"(12.0, 2011.0)",1.0
228,2012-01-05,CSL,,,20.0,No,2012.0,1.0,"(1.0, 2012.0)",1.0
229,2012-01-06,CSL,,,20.0,No,2012.0,1.0,"(1.0, 2012.0)",1.0
230,2012-01-06,CSL,,,20.0,No,2012.0,1.0,"(1.0, 2012.0)",1.0
231,2012-01-11,CSL,,,19.0,No,2012.0,1.0,"(1.0, 2012.0)",1.0
232,2012-01-16,CSL,,,20.0,No,2012.0,1.0,"(1.0, 2012.0)",1.0
233,2012-01-17,CSL,Den under health and beauty boat house in CSL,,23.0,,2012.0,1.0,"(1.0, 2012.0)",1.0
234,2012-01-19,CSL,,,30.0,No,2012.0,1.0,"(1.0, 2012.0)",1.0
235,2012-02-06,CSL,,,22.0,,2012.0,2.0,"(2.0, 2012.0)",1.0
236,2012-02-08,CSL,,,20.0,No,2012.0,2.0,"(2.0, 2012.0)",1.0
237,2012-02-09,CSL,,,30.0,,2012.0,2.0,"(2.0, 2012.0)",1.0
238,2012-02-10,CSL,,,29.0,,2012.0,2.0,"(2.0, 2012.0)",1.0
239,2012-02-13,CSL,,,27.0,,2012.0,2.0,"(2.0, 2012.0)",1.0
240,2012-02-17,CSL,,,27.0,,2012.0,2.0,"(2.0, 2012.0)",1.0
241,2012-02-20,CSL,,,30.0,,2012.0,2.0,"(2.0, 2012.0)",1.0
242,2012-02-21,CSL,,,20.0,No,2012.0,2.0,"(2.0, 2012.0)",1.0
243,2012-03-05,CSL,,,22.0,No,2012.0,3.0,"(3.0, 2012.0)",1.0
244,2012-03-09,CSL,,,20.0,No,2012.0,3.0,"(3.0, 2012.0)",1.0
245,2012-03-12,CSL,,,20.0,No,2012.0,3.0,"(3.0, 2012.0)",1.0
246,2012-03-15,CSL,,,41.0,No,2012.0,3.0,"(3.0, 2012.0)",1.0
247,2012-03-19,CSL,,,22.0,,2012.0,3.0,"(3.0, 2012.0)",1.0
248,2012-03-20,CSL,,,45.0,,2012.0,3.0,"(3.0, 2012.0)",1.0
249,2012-03-28,CSL,,,36.0,,2012.0,3.0,"(3.0, 2012.0)",1.0
250,2012-04-23,CSL,,,40.0,,2012.0,4.0,"(4.0, 2012.0)",1.0
251,2012-04-26,CSL,,,40.0,,2012.0,4.0,"(4.0, 2012.0)",1.0
252,2012-05-03,CSL,,,40.0,,2012.0,5.0,"(5.0, 2012.0)",1.0
253,2012-05-08,CSL,,,41.0,,2012.0,5.0,"(5.0, 2012.0)",1.0
254,2012-05-14,CSL,,,40.0,,2012.0,5.0,"(5.0, 2012.0)",1.0
255,2012-05-15,CSL,,,41.0,,2012.0,5.0,"(5.0, 2012.0)",1.0
256,2012-05-28,CSL,,,19.0,,2012.0,5.0,"(5.0, 2012.0)",1.0
257,2012-05-29,CSL,,,40.0,,2012.0,5.0,"(5.0, 2012.0)",1.0
258,2012-05-30,CSL,,,40.0,,2012.0,5.0,"(5.0, 2012.0)",1.0
259,2012-06-08,CSL,,,41.0,,2012.0,6.0,"(6.0, 2012.0)",1.0
260,2012-06-11,CSL,,,33.0,,2012.0,6.0,"(6.0, 2012.0)",1.0
261,2012-06-12,CSL,,,33.0,,2012.0,6.0,"(6.0, 2012.0)",1.0
262,2012-06-13,CSL,,,41.0,,2012.0,6.0,"(6.0, 2012.0)",1.0
263,2012-06-18,CSL,,,40.0,,2012.0,6.0,"(6.0, 2012.0)",1.0
264,2012-06-21,CSL,,,38.0,,2012.0,6.0,"(6.0, 2012.0)",1.0
265,2012-06-29,CSL,,,40.0,,2012.0,6.0,"(6.0, 2012.0)",1.0
266,2012-07-07,CSL,,,37.0,,2012.0,7.0,"(7.0, 2012.0)",1.0
267,2012-07-11,CSL,,,32.0,,2012.0,7.0,"(7.0, 2012.0)",1.0
268,2012-07-18,CSL,,,38.0,,2012.0,7.0,"(7.0, 2012.0)",1.0
269,2012-07-20,CSL,,,29.0,No,2012.0,7.0,"(7.0, 2012.0)",1.0
270,2012-07-23,CSL,,,38.0,,2012.0,7.0,"(7.0, 2012.0)",1.0
271,2012-08-06,CSL,,,35.0,,2012.0,8.0,"(8.0, 2012.0)",1.0
272,2012-08-08,CSL,,,38.0,,2012.0,8.0,"(8.0, 2012.0)",1.0
273,2012-08-28,CSL,,,37.0,,2012.0,8.0,"(8.0, 2012.0)",1.0
274,2012-08-30,CSL,,,34.0,,2012.0,8.0,"(8.0, 2012.0)",1.0
275,2012-09-07,CSL,,,24.0,No,2012.0,9.0,"(9.0, 2012.0)",1.0
276,2012-09-13,CSL,,,37.0,,2012.0,9.0,"(9.0, 2012.0)",1.0
277,2012-09-17,CSL,,,10.0,,2012.0,9.0,"(9.0, 2012.0)",1.0
278,2012-09-18,CSL,,,36.0,Yes,2012.0,9.0,"(9.0, 2012.0)",1.0
279,2012-10-02,CSL,,,35.0,,2012.0,10.0,"(10.0, 2012.0)",1.0
280,2012-10-04,CSL,,,35.0,,2012.0,10.0,"(10.0, 2012.0)",1.0
281,2012-10-08,CSL,,,35.0,,2012.0,10.0,"(10.0, 2012.0)",1.0
282,2012-10-22,CSL,,,30.0,,2012.0,10.0,"(10.0, 2012.0)",1.0
283,2012-10-23,CSL,,,30.0,,2012.0,10.0,"(10.0, 2012.0)",1.0
284,2012-11-01,CSL,,,32.0,,2012.0,11.0,"(11.0, 2012.0)",1.0
285,2012-11-20,CSL,,,34.0,,2012.0,11.0,"(11.0, 2012.0)",1.0
286,2012-11-23,CSL,,,16.0,No,2012.0,11.0,"(11.0, 2012.0)",1.0
287,2012-11-26,CSL,,,34.0,,2012.0,11.0,"(11.0, 2012.0)",1.0
288,2012-11-26,CSL,,,35.0,,2012.0,11.0,"(11.0, 2012.0)",1.0
289,2012-11-27,CSL,,,28.0,,2012.0,11.0,"(11.0, 2012.0)",1.0
290,2012-12-06,CSL,,,15.0,No,2012.0,12.0,"(12.0, 2012.0)",1.0
291,2012-12-07,CSL,,,34.0,,2012.0,12.0,"(12.0, 2012.0)",1.0
292,2013-01-08,CSL,,,27.0,,2013.0,1.0,"(1.0, 2013.0)",1.0
293,2013-01-14,CSL,,,35.0,,2013.0,1.0,"(1.0, 2013.0)",1.0
294,2013-01-18,CSL,,,35.0,,2013.0,1.0,"(1.0, 2013.0)",1.0
295,2013-01-29,CSL,,,23.0,No,2013.0,1.0,"(1.0, 2013.0)",1.0
296,2013-01-29,CSL,,,19.0,No,2013.0,1.0,"(1.0, 2013.0)",1.0
297,2013-02-05,CSL,,,22.0,,2013.0,2.0,"(2.0, 2013.0)",1.0
298,2013-02-14,CSL,,,30.0,,2013.0,2.0,"(2.0, 2013.0)",1.0
299,2013-02-20,CSL,,,30.0,,2013.0,2.0,"(2.0, 2013.0)",1.0
300,2013-02-22,CSL,,,56.0,,2013.0,2.0,"(2.0, 2013.0)",1.0
301,2013-03-07,CSL,,,67.0,,2013.0,3.0,"(3.0, 2013.0)",1.0
302,2013-04-04,CSL,,,66.0,,2013.0,4.0,"(4.0, 2013.0)",1.0
303,2013-04-12,CSL,,,29.0,,2013.0,4.0,"(4.0, 2013.0)",1.0
304,2013-05-16,CSL,,,56.0,No,2013.0,5.0,"(5.0, 2013.0)",1.0
305,2013-05-16,CSL,,,48.0,,2013.0,5.0,"(5.0, 2013.0)",1.0
306,2013-05-20,CSL,,,57.0,,2013.0,5.0,"(5.0, 2013.0)",1.0
307,2013-05-23,CSL,,,39.0,,2013.0,5.0,"(5.0, 2013.0)",1.0
308,2013-05-28,CSL,,,57.0,No,2013.0,5.0,"(5.0, 2013.0)",1.0
309,2013-05-31,CSL,,,26.0,No,2013.0,5.0,"(5.0, 2013.0)",1.0
310,2013-06-14,CSL,,,41.0,,2013.0,6.0,"(6.0, 2013.0)",1.0
311,2013-07-22,CSL,,,57.0,,2013.0,7.0,"(7.0, 2013.0)",1.0
312,2013-07-22,CSL,,,58.0,,2013.0,7.0,"(7.0, 2013.0)",1.0
313,2013-07-28,CSL,,,55.0,No,2013.0,7.0,"(7.0, 2013.0)",1.0
314,2013-09-05,CSL,,,48.0,,2013.0,9.0,"(9.0, 2013.0)",1.0
315,2013-09-09,CSL,-17.80728,25.14639,26.0,,2013.0,9.0,"(9.0, 2013.0)",1.0
316,2013-09-12,CSL,-17.80728,25.14639,26.0,,2013.0,9.0,"(9.0, 2013.0)",1.0
317,2013-09-16,CSL,-17.80882,25.14542,33.0,,2013.0,9.0,"(9.0, 2013.0)",1.0
318,2013-09-17,CSL,-17.807,25.14699,45.0,,2013.0,9.0,"(9.0, 2013.0)",1.0
319,2013-09-18,CSL,-17.80794,25.14542,30.0,,2013.0,9.0,"(9.0, 2013.0)",1.0
320,2013-09-18,CSL,-17.84377,25.14387,12.0,,2013.0,9.0,"(9.0, 2013.0)",1.0
321,2013-09-19,CSL,-17.80882,25.14542,33.0,,2013.0,9.0,"(9.0, 2013.0)",1.0
322,2013-09-19,CSL,-17.807,25.14699,45.0,,2013.0,9.0,"(9.0, 2013.0)",1.0
323,2013-09-19,CSL,-17.80794,25.14542,30.0,,2013.0,9.0,"(9.0, 2013.0)",1.0
324,2013-09-25,CSL,-17.79827,25.15067,44.0,,2013.0,9.0,"(9.0, 2013.0)",1.0
325,2013-10-03,CSL,-17.80864,25.14549,7.0,,2013.0,10.0,"(10.0, 2013.0)",1.0
326,2013-10-03,CSL,-17.79827,25.15067,44.0,,2013.0,10.0,"(10.0, 2013.0)",1.0
327,2013-10-10,CSL,-17.80864,25.14549,7.0,,2013.0,10.0,"(10.0, 2013.0)",1.0
328,2013-10-10,CSL,-17.79872,25.15079,45.0,,2013.0,10.0,"(10.0, 2013.0)",1.0
329,2013-10-10,CSL,-17.8444,25.1446,14.0,,2013.0,10.0,"(10.0, 2013.0)",1.0
330,2013-10-14,CSL,-17.79872,25.15079,45.0,,2013.0,10.0,"(10.0, 2013.0)",1.0
331,2013-10-18,CSL,-17.80026,25.14953,3.0,,2013.0,10.0,"(10.0, 2013.0)",1.0
332,2013-10-21,CSL,-17.80897,25.14515,31.0,,2013.0,10.0,"(10.0, 2013.0)",1.0
333,2013-10-24,CSL,-17.80624,25.14703,18.0,,2013.0,10.0,"(10.0, 2013.0)",1.0
334,2013-10-25,CSL,-17.80026,25.14953,3.0,,2013.0,10.0,"(10.0, 2013.0)",1.0
335,2013-10-31,CSL,-17.80624,25.14703,18.0,,2013.0,10.0,"(10.0, 2013.0)",1.0
336,2013-11-04,CSL,-17.80861,25.14597,18.0,,2013.0,11.0,"(11.0, 2013.0)",1.0
337,2013-11-21,CSL,-17.80861,25.14597,18.0,,2013.0,11.0,"(11.0, 2013.0)",1.0
338,2013-11-21,CSL,-17.80461,25.15142,27.0,,2013.0,11.0,"(11.0, 2013.0)",1.0
339,2013-11-26,CSL,-17.80461,25.15142,27.0,,2013.0,11.0,"(11.0, 2013.0)",1.0
340,2013-11-27,CSL,-17.80277,25.15086,15.0,,2013.0,11.0,"(11.0, 2013.0)",1.0
341,2013-11-29,CSL,-17.80277,25.15086,15.0,,2013.0,11.0,"(11.0, 2013.0)",1.0
342,2013-12-03,CSL,-17.80502,25.15344,21.0,,2013.0,12.0,"(12.0, 2013.0)",1.0
343,2013-12-05,CSL,-17.80502,25.15344,21.0,,2013.0,12.0,"(12.0, 2013.0)",1.0
344,2013-12-05,CSL,-17.80298,25.15089,25.0,,2013.0,12.0,"(12.0, 2013.0)",1.0
345,2013-12-06,CSL,-17.80594,25.14885,23.0,,2013.0,12.0,"(12.0, 2013.0)",1.0
346,2013-12-17,CSL,-17.80594,25.14885,23.0,,2013.0,12.0,"(12.0, 2013.0)",1.0
347,2013-12-17,CSL,-17.80301,25.14865,17.0,,2013.0,12.0,"(12.0, 2013.0)",1.0
348,2013-12-17,CSL,-17.80298,25.15089,25.0,,2013.0,12.0,"(12.0, 2013.0)",1.0
349,2014-01-10,CSL,-17.80301,25.14865,17.0,,2014.0,1.0,"(1.0, 2014.0)",1.0
350,2014-01-15,CSL,-17.80056,25.1504,12.0,,2014.0,1.0,"(1.0, 2014.0)",1.0
351,2014-01-15,CSL,-17.80163,25.14919,10.0,,2014.0,1.0,"(1.0, 2014.0)",1.0
352,2014-01-16,CSL,-17.79967,25.15003,29.0,,2014.0,1.0,"(1.0, 2014.0)",1.0
353,2014-01-22,CSL,-17.80135,25.15021,19.0,,2014.0,1.0,"(1.0, 2014.0)",1.0
354,2014-01-22,CSL,-17.80163,25.14919,10.0,,2014.0,1.0,"(1.0, 2014.0)",1.0
355,2014-01-23,CSL,-17.80818,25.15302,16.0,,2014.0,1.0,"(1.0, 2014.0)",1.0
356,2014-01-30,CSL,-17.79967,25.15003,29.0,,2014.0,1.0,"(1.0, 2014.0)",1.0
357,2014-01-30,CSL,-17.80197,25.1497,21.0,,2014.0,1.0,"(1.0, 2014.0)",1.0
358,2014-02-03,CSL,-17.80135,25.15021,19.0,,2014.0,2.0,"(2.0, 2014.0)",1.0
359,2014-02-05,CSL,-17.80818,25.15302,16.0,,2014.0,2.0,"(2.0, 2014.0)",1.0
360,2014-02-20,CSL,-17.80197,25.1497,21.0,,2014.0,2.0,"(2.0, 2014.0)",1.0
361,2014-02-20,CSL,,,49.0,,2014.0,2.0,"(2.0, 2014.0)",1.0
362,2014-02-28,CSL,-17.80724,25.14629,22.0,,2014.0,2.0,"(2.0, 2014.0)",1.0
363,2014-02-28,CSL,-17.7993,25.14956,49.0,,2014.0,2.0,"(2.0, 2014.0)",1.0
407,2016-01-04,CSL,-,-,5.0,,2016.0,1.0,"(1.0, 2016.0)",1.0
408,2016-01-05,CSL,17.80667,25.14589,11.0,,2016.0,1.0,"(1.0, 2016.0)",1.0
409,2016-01-06,CSL,,,2.0,,2016.0,1.0,"(1.0, 2016.0)",1.0
410,2016-01-11,CSL,-,-,5.0,,2016.0,1.0,"(1.0, 2016.0)",1.0
411,2016-01-11,CSL,-,-,12.0,,2016.0,1.0,"(1.0, 2016.0)",1.0
412,2016-01-12,CSL,-,-,7.0,,2016.0,1.0,"(1.0, 2016.0)",1.0
413,2016-01-12,CSL,17.82747,25.138,4.0,,2016.0,1.0,"(1.0, 2016.0)",1.0
414,2016-01-15,CSL,-,-,17.0,,2016.0,1.0,"(1.0, 2016.0)",1.0
415,2016-01-18,CSL,,,18.0,,2016.0,1.0,"(1.0, 2016.0)",1.0
416,2016-01-19,CSL,,,21.0,,2016.0,1.0,"(1.0, 2016.0)",1.0
417,2016-01-20,CSL,,,6.0,,2016.0,1.0,"(1.0, 2016.0)",1.0
418,2016-01-21,CSL,17.80745,25.14708,18.0,,2016.0,1.0,"(1.0, 2016.0)",1.0
419,2016-01-26,CSL,17.80662,25.14722,9.0,,2016.0,1.0,"(1.0, 2016.0)",1.0
420,2016-01-28,CSL,17.80835,25.14615,20.0,,2016.0,1.0,"(1.0, 2016.0)",1.0
421,2016-02-09,CSL,17.80795,25.1457,31.0,,2016.0,2.0,"(2.0, 2016.0)",1.0
422,2016-02-18,CSL,17.80816,25.14548,20.0,No,2016.0,2.0,"(2.0, 2016.0)",1.0
423,2016-02-19,CSL,17.80594,25.14729,15.0,No,2016.0,2.0,"(2.0, 2016.0)",1.0
424,2016-02-22,CSL,17.80568,25.14942,20.0,No,2016.0,2.0,"(2.0, 2016.0)",1.0
425,2016-03-09,CSL,17.80607,25.14829,16.0,No,2016.0,3.0,"(3.0, 2016.0)",1.0
426,2016-03-12,CSL,17.79528,25.18394,20.0,No,2016.0,3.0,"(3.0, 2016.0)",1.0
427,2016-03-16,CSL,17.80772,25.14597,15.0,No,2016.0,3.0,"(3.0, 2016.0)",1.0
428,2016-03-23,CSL,17.78526,25.17479,10.0,No,2016.0,3.0,"(3.0, 2016.0)",1.0
429,2016-04-07,CSL,17.80577,25.14726,15.0,No,2016.0,4.0,"(4.0, 2016.0)",1.0
430,2016-04-11,CSL,-,-,13.0,,2016.0,4.0,"(4.0, 2016.0)",1.0
431,2016-04-12,CSL,-,-,4.0,No,2016.0,4.0,"(4.0, 2016.0)",1.0
432,2016-04-14,CSL,-,-,22.0,No,2016.0,4.0,"(4.0, 2016.0)",1.0
433,2016-04-14,CSL,-,-,24.0,No,2016.0,4.0,"(4.0, 2016.0)",1.0
434,2016-04-19,CSL,17.80664,25.14675,29.0,,2016.0,4.0,"(4.0, 2016.0)",1.0
435,2016-04-25,CSL,17.80661,25.14658,22.0,No,2016.0,4.0,"(4.0, 2016.0)",1.0
436,2016-04-27,CSL,17.80531,25.1493,15.0,No,2016.0,4.0,"(4.0, 2016.0)",1.0
437,2016-04-28,CSL,17.8052,25.14919,22.0,No,2016.0,4.0,"(4.0, 2016.0)",1.0
438,2016-05-20,CSL,,,23.0,,2016.0,5.0,"(5.0, 2016.0)",1.0
439,2016-05-20,CSL,17.79735,25.15554,24.0,,2016.0,5.0,"(5.0, 2016.0)",1.0
440,2016-05-30,CSL,17.80784,25.14561,23.0,,2016.0,5.0,"(5.0, 2016.0)",1.0
441,2016-06-13,CSL,17.80652,25.1461,25.0,,2016.0,6.0,"(6.0, 2016.0)",1.0
442,2016-06-20,CSL,-,-,31.0,,2016.0,6.0,"(6.0, 2016.0)",1.0
443,2016-07-06,CSL,-,-,17.0,No,2016.0,7.0,"(7.0, 2016.0)",1.0
444,2016-07-07,CSL,17.82756,25.13784,10.0,No,2016.0,7.0,"(7.0, 2016.0)",1.0
445,2016-07-12,CSL,-,-,15.0,No,2016.0,7.0,"(7.0, 2016.0)",1.0
446,2016-07-20,CSL,17.79493,25.18295,20.0,No,2016.0,7.0,"(7.0, 2016.0)",1.0
447,2016-07-21,CSL,17.79493,25.18295,3.0,No,2016.0,7.0,"(7.0, 2016.0)",1.0
448,2016-07-25,CSL,17.80409,25.14834,10.0,No,2016.0,7.0,"(7.0, 2016.0)",1.0
449,2016-07-26,CSL,17.80409,25.14834,16.0,No,2016.0,7.0,"(7.0, 2016.0)",1.0
450,2016-07-27,CSL,17.80409,25.14834,26.0,No,2016.0,7.0,"(7.0, 2016.0)",1.0
451,2016-07-28,CSL,17.80409,25.14834,25.0,No,2016.0,7.0,"(7.0, 2016.0)",1.0
452,2016-07-28,CSL,17.78915,25.17734,15.0,No,2016.0,7.0,"(7.0, 2016.0)",1.0
453,2016-07-29,CSL,-,-,28.0,No,2016.0,7.0,"(7.0, 2016.0)",1.0
454,2016-07-30,CSL,-,-,30.0,No,2016.0,7.0,"(7.0, 2016.0)",1.0
455,2016-07-31,CSL,-,-,15.0,No,2016.0,7.0,"(7.0, 2016.0)",1.0
456,2016-08-01,CSL,17.80759,25.14582,6.0,No,2016.0,8.0,"(8.0, 2016.0)",1.0
457,2016-08-03,CSL,17.80409,25.14834,5.0,No,2016.0,8.0,"(8.0, 2016.0)",1.0
458,2016-08-19,CSL,17.803784,25.14788,3.0,,2016.0,8.0,"(8.0, 2016.0)",1.0
459,2016-08-26,CSL,17.8043,25.14781,10.0,No,2016.0,8.0,"(8.0, 2016.0)",1.0
460,2016-08-29,CSL,17.807105,25.146901,32.0,No,2016.0,8.0,"(8.0, 2016.0)",1.0
461,2016-08-31,CSL,17.80716,25.14646,24.0,,2016.0,8.0,"(8.0, 2016.0)",1.0
462,2016-09-07,CSL,17.80753,25.1464,24.0,No,2016.0,9.0,"(9.0, 2016.0)",1.0
463,2016-09-09,CSL,17.80331,25.14765,30.0,No,2016.0,9.0,"(9.0, 2016.0)",1.0
464,2016-09-19,CSL,17.80786,25.14544,2.0,,2016.0,9.0,"(9.0, 2016.0)",1.0
465,2016-09-21,CSL,17.80681,25.14604,24.0,,2016.0,9.0,"(9.0, 2016.0)",1.0
466,2016-10-17,CSL,17.807388,25.14776,22.0,No,2016.0,10.0,"(10.0, 2016.0)",1.0
467,2016-10-18,CSL,17.80739,25.14776,20.0,No,2016.0,10.0,"(10.0, 2016.0)",1.0
468,2016-10-24,CSL,17.807202,25.146443,22.0,No,2016.0,10.0,"(10.0, 2016.0)",1.0
469,2016-12-22,CSL,-,-,27.0,,2016.0,12.0,"(12.0, 2016.0)",1.0
470,2016-12-27,CSL,17.808203,25.145771,30.0,No,2016.0,12.0,"(12.0, 2016.0)",1.0
471,2016-12-28,CSL,17.806715,25.145897,27.0,,2016.0,12.0,"(12.0, 2016.0)",1.0
472,2016-12-30,CSL,17.806859,25.146944,27.0,,2016.0,12.0,"(12.0, 2016.0)",1.0
473,2017-01-04,CSL,17.802698,25.14829,27.0,,2017.0,1.0,"(1.0, 2017.0)",1.0
474,2017-01-19,CSL,17.806531,25.146177,31.0,,2017.0,1.0,"(1.0, 2017.0)",1.0
475,2017-02-06,CSL,17.806752,25.147038,27.0,No,2017.0,2.0,"(2.0, 2017.0)",1.0
476,2017-02-07,CSL,17.80648,25.14616,37.0,,2017.0,2.0,"(2.0, 2017.0)",1.0
477,2017-02-09,CSL,17.80648,25.14616,37.0,,2017.0,2.0,"(2.0, 2017.0)",1.0
478,2017-02-17,CSL,17.80839,25.14561,40.0,No,2017.0,2.0,"(2.0, 2017.0)",1.0
479,2017-02-19,CSL,17.80397,25.148319,20.0,,2017.0,2.0,"(2.0, 2017.0)",1.0
480,2017-02-24,CSL,,,11.0,,2017.0,2.0,"(2.0, 2017.0)",1.0
481,2017-02-24,CSL,,,24.0,,2017.0,2.0,"(2.0, 2017.0)",1.0
482,2017-03-03,CSL,17.804252,25.147235,24.0,,2017.0,3.0,"(3.0, 2017.0)",1.0
483,2017-03-06,CSL,,,30.0,,2017.0,3.0,"(3.0, 2017.0)",1.0
484,2017-03-09,CSL,,,27.0,,2017.0,3.0,"(3.0, 2017.0)",1.0
485,2017-03-10,CSL,,,32.0,,2017.0,3.0,"(3.0, 2017.0)",1.0
486,2017-03-13,CSL,-17.805261,25.151555,21.0,,2017.0,3.0,"(3.0, 2017.0)",1.0
487,2017-03-27,CSL,-17.805043,25.147072,27.0,No,2017.0,3.0,"(3.0, 2017.0)",1.0
488,2017-03-30,CSL,-17.806,25.14618,24.0,Yes,2017.0,3.0,"(3.0, 2017.0)",1.0
489,2017-03-31,CSL,-17.80782,25.14554,32.0,Yes,2017.0,3.0,"(3.0, 2017.0)",1.0
490,2017-04-03,CSL,-17.80821,25.1459,5.0,No,2017.0,4.0,"(4.0, 2017.0)",1.0
491,2017-04-10,CSL,-17.80797,25.14655,26.0,,2017.0,4.0,"(4.0, 2017.0)",1.0
492,2017-04-13,CSL,-17.80316,25.14799,24.0,-,2017.0,4.0,"(4.0, 2017.0)",1.0
493,2017-04-21,CSL,-17.80767,25.14672,35.0,No,2017.0,4.0,"(4.0, 2017.0)",1.0
494,2017-04-24,CSL,-17.79431,25.23489,18.0,No,2017.0,4.0,"(4.0, 2017.0)",1.0
495,2017-05-02,CSL, -17.80648,25.14877,22.0,No,2017.0,5.0,"(5.0, 2017.0)",1.0
496,2017-05-05,CSL,-17.807,25.14684,16.0,No,2017.0,5.0,"(5.0, 2017.0)",1.0
497,2017-05-09,CSL,-,-,29.0,No,2017.0,5.0,"(5.0, 2017.0)",1.0
498,2017-05-10,CSL,-17.80665,25.14614,30.0,Yes,2017.0,5.0,"(5.0, 2017.0)",1.0
499,2017-05-12,CSL,-,-,27.0,,2017.0,5.0,"(5.0, 2017.0)",1.0
500,2017-05-15,CSL,-17.82753,25.13804,15.0,No,2017.0,5.0,"(5.0, 2017.0)",1.0
501,2017-06-02,CSL,-17.80355,25.80355,21.0,No,2017.0,6.0,"(6.0, 2017.0)",1.0
502,2017-06-05,CSL,-17.80731,25.14645,26.0,Yes,2017.0,6.0,"(6.0, 2017.0)",1.0
503,2017-06-07,CSL,-17.80743,25.14647,30.0,No,2017.0,6.0,"(6.0, 2017.0)",1.0
504,2017-06-10,CSL,-17.80677,25.14703,25.0,No,2017.0,6.0,"(6.0, 2017.0)",1.0
505,2017-06-12,CSL,-17.805986,25.14607,32.0,Yes,2017.0,6.0,"(6.0, 2017.0)",1.0
506,2017-06-14,CSL,,,21.0,No,2017.0,6.0,"(6.0, 2017.0)",1.0
507,2017-06-20,CSL,-17.80882,25.14562,35.0,No,2017.0,6.0,"(6.0, 2017.0)",1.0
508,2017-06-22,CSL,-17.80634,25.14623,47.0,No,2017.0,6.0,"(6.0, 2017.0)",1.0
509,2017-06-26,CSL,-17.80742,25.14733,24.0,No,2017.0,6.0,"(6.0, 2017.0)",1.0
510,2017-06-29,CSL,-17.80744,25.14575,35.0,Yes,2017.0,6.0,"(6.0, 2017.0)",1.0
511,2017-07-13,CSL,-17.80816,25.14518,36.0,No,2017.0,7.0,"(7.0, 2017.0)",1.0
512,2017-07-25,CSL,-17.80738,25.146487,36.0,Yes,2017.0,7.0,"(7.0, 2017.0)",1.0
513,2017-07-30,CSL,-17.80667,25.14641,14.0,No,2017.0,7.0,"(7.0, 2017.0)",1.0
514,2017-08-18,CSL,-17.870921,25.14505,49.0,Yes,2017.0,8.0,"(8.0, 2017.0)",1.0
515,2017-08-29,CSL,-17.80544,25.14762,27.0,No,2017.0,8.0,"(8.0, 2017.0)",1.0
516,2017-09-07,CSL,-17.80459,25.14907,40.0,No,2017.0,9.0,"(9.0, 2017.0)",1.0
517,2017-09-11,CSL,-17.80379,25.14758,30.0,No,2017.0,9.0,"(9.0, 2017.0)",1.0
518,2017-09-12,CSL,-17.80394,25.14782,14.0,No,2017.0,9.0,"(9.0, 2017.0)",1.0
519,2017-09-17,CSL,-1780725,25.14673,7.0,No,2017.0,9.0,"(9.0, 2017.0)",1.0
520,2017-09-22,CSL,,,31.0,No,2017.0,9.0,"(9.0, 2017.0)",1.0
521,2017-09-25,CSL,-17.80459,25.14693,47.0,Yes,2017.0,9.0,"(9.0, 2017.0)",1.0
522,2017-09-30,CSL,-17.80314,25.14922,20.0,No,2017.0,9.0,"(9.0, 2017.0)",1.0
523,2017-10-06,CSL,-17.8075,25.14645,50.0,No,2017.0,10.0,"(10.0, 2017.0)",1.0
524,2017-11-23,CSL,-17.804184,25.149293,15.0,No,2017.0,11.0,"(11.0, 2017.0)",1.0
525,2017-11-24,CSL,-17.80731,25.14701,26.0,Yes,2017.0,11.0,"(11.0, 2017.0)",1.0
526,2017-11-28,CSL,-17.80715,25.14705,17.0,Yes,2017.0,11.0,"(11.0, 2017.0)",1.0
527,2017-11-29,CSL,-17.80672,25.14768,20.0,No,2017.0,11.0,"(11.0, 2017.0)",1.0
528,2017-12-04,CSL,-17.806267,25.148638,17.0,No,2017.0,12.0,"(12.0, 2017.0)",1.0
529,2017-12-07,CSL,-17.80758,25.1467,16.0,No,2017.0,12.0,"(12.0, 2017.0)",1.0
530,2017-12-16,CSL,-17.806119,25.147697,20.0,No,2017.0,12.0,"(12.0, 2017.0)",1.0
531,2017-12-18,CSL,-17.806706,25.146646,25.0,No,2017.0,12.0,"(12.0, 2017.0)",1.0
532,2017-12-21,CSL,-17.807947,25.14549,10.0,No,2017.0,12.0,"(12.0, 2017.0)",1.0
533,2018-01-02,CSL,-17.80556,25.1471,19.0,No,2018.0,1.0,"(1.0, 2018.0)",1.0
534,2018-01-09,CSL,-17.806374,25.146561,22.0,No,2018.0,1.0,"(1.0, 2018.0)",1.0
535,2018-01-11,CSL, -17.807334,25.146616,25.0,No,2018.0,1.0,"(1.0, 2018.0)",1.0
536,2018-01-17,CSL,-17.809633,25.145927,30.0,No,2018.0,1.0,"(1.0, 2018.0)",1.0
537,2018-01-31,CSL,-17.80795,25.14603,35.0,No,2018.0,1.0,"(1.0, 2018.0)",1.0
556,2013-09-23,FARM,-17.79268,25.18475,25.0,,2013.0,9.0,"(9.0, 2013.0)",1.0
557,2013-10-03,FARM,-17.79268,25.18475,25.0,,2013.0,10.0,"(10.0, 2013.0)",1.0
558,2013-10-10,FARM,-17.79379,25.18457,13.0,,2013.0,10.0,"(10.0, 2013.0)",1.0
559,2013-11-22,FARM,-17.79265,25.18475,11.0,,2013.0,11.0,"(11.0, 2013.0)",1.0
560,2013-11-28,FARM,-17.79265,25.18475,11.0,,2013.0,11.0,"(11.0, 2013.0)",1.0
561,2013-12-04,FARM,-17.79274,25.1846,10.0,,2013.0,12.0,"(12.0, 2013.0)",1.0
562,2013-12-05,FARM,-17.79274,25.1846,22.0,,2013.0,12.0,"(12.0, 2013.0)",1.0
563,2013-12-05,FARM,-17.79271,25.18469,18.0,,2013.0,12.0,"(12.0, 2013.0)",1.0
564,2013-12-06,FARM,-17.79274,25.1846,10.0,,2013.0,12.0,"(12.0, 2013.0)",1.0
565,2013-12-12,FARM,-17.79274,25.1846,22.0,,2013.0,12.0,"(12.0, 2013.0)",1.0
566,2014-01-15,FARM,-17.7924,25.18485,6.0,,2014.0,1.0,"(1.0, 2014.0)",1.0
567,2014-01-22,FARM,-17.79308,25.18474,18.0,,2014.0,1.0,"(1.0, 2014.0)",1.0
568,2014-01-23,FARM,-17.7924,25.18485,6.0,,2014.0,1.0,"(1.0, 2014.0)",1.0
569,2014-01-31,FARM,-17.79308,25.18474,18.0,,2014.0,1.0,"(1.0, 2014.0)",1.0
570,2014-02-05,FARM,-17.79263,25.18471,35.0,,2014.0,2.0,"(2.0, 2014.0)",1.0
571,2014-02-06,FARM,-17.79191,25.18492,35.0,,2014.0,2.0,"(2.0, 2014.0)",1.0
572,2014-02-28,FARM,-17.7872,25.18317,18.0,,2014.0,2.0,"(2.0, 2014.0)",1.0
599,2016-01-06,FOR,17.80426,25.14888,1.0,,2016.0,1.0,"(1.0, 2016.0)",1.0
600,2016-01-07,FOR,-,-,2.0,,2016.0,1.0,"(1.0, 2016.0)",1.0
601,2016-01-13,FOR,17.80421,25.14878,5.0,,2016.0,1.0,"(1.0, 2016.0)",1.0
602,2016-01-18,FOR,17.80347,25.14867,9.0,,2016.0,1.0,"(1.0, 2016.0)",1.0
603,2016-01-20,FOR,17.80213,25.14875,9.0,,2016.0,1.0,"(1.0, 2016.0)",1.0
604,2016-01-21,FOR,17.8289,25.13665,5.0,,2016.0,1.0,"(1.0, 2016.0)",1.0
605,2016-01-22,FOR,-,-,2.0,,2016.0,1.0,"(1.0, 2016.0)",1.0
606,2016-01-25,FOR,17.80219,25.1493,6.0,,2016.0,1.0,"(1.0, 2016.0)",1.0
607,2016-01-26,FOR,,,1.0,No,2016.0,1.0,"(1.0, 2016.0)",1.0
608,2016-01-27,FOR,17.80177,25.14918,10.0,,2016.0,1.0,"(1.0, 2016.0)",1.0
609,2016-01-28,FOR,17.80155,25.14929,12.0,,2016.0,1.0,"(1.0, 2016.0)",1.0
610,2016-01-29,FOR,-,-,11.0,,2016.0,1.0,"(1.0, 2016.0)",1.0
611,2016-02-02,FOR,17.8866,25.16434,3.0,No,2016.0,2.0,"(2.0, 2016.0)",1.0
612,2016-02-02,FOR,17.78866,25.16434,16.0,,2016.0,2.0,"(2.0, 2016.0)",1.0
613,2016-02-04,FOR,17.80102,25.14928,26.0,No,2016.0,2.0,"(2.0, 2016.0)",1.0
614,2016-02-15,FOR,-,-,20.0,No,2016.0,2.0,"(2.0, 2016.0)",1.0
615,2016-02-17,FOR,-,-,10.0,No,2016.0,2.0,"(2.0, 2016.0)",1.0
616,2016-02-24,FOR,-,-,20.0,No,2016.0,2.0,"(2.0, 2016.0)",1.0
617,2016-02-29,FOR,17.80165,25.14929,18.0,No,2016.0,2.0,"(2.0, 2016.0)",1.0
618,2016-03-09,FOR,17.80149,25.15185,30.0,No,2016.0,3.0,"(3.0, 2016.0)",1.0
619,2016-03-17,FOR,17.80238,25.14915,25.0,No,2016.0,3.0,"(3.0, 2016.0)",1.0
620,2016-04-04,FOR,17.79074,25.1579,2.0,No,2016.0,4.0,"(4.0, 2016.0)",1.0
621,2016-04-07,FOR,17.80155,25.1493,2.0,No,2016.0,4.0,"(4.0, 2016.0)",1.0
622,2016-04-09,FOR,-,-,12.0,No,2016.0,4.0,"(4.0, 2016.0)",1.0
623,2016-04-15,FOR,17.80412,25.14865,13.0,No,2016.0,4.0,"(4.0, 2016.0)",1.0
624,2016-04-25,FOR,17.80132,25.14999,8.0,No,2016.0,4.0,"(4.0, 2016.0)",1.0
625,2016-04-27,FOR,-,-,10.0,No,2016.0,4.0,"(4.0, 2016.0)",1.0
626,2016-04-28,FOR,17.8052,25.14919,21.0,No,2016.0,4.0,"(4.0, 2016.0)",1.0
627,2016-05-04,FOR,17.80138,25.15,20.0,No,2016.0,5.0,"(5.0, 2016.0)",1.0
628,2016-05-20,FOR,17.80166,25.14927,25.0,,2016.0,5.0,"(5.0, 2016.0)",1.0
629,2016-05-30,FOR,,,14.0,No,2016.0,5.0,"(5.0, 2016.0)",1.0
630,2016-06-13,FOR,17.80218,25.14916,20.0,No,2016.0,6.0,"(6.0, 2016.0)",1.0
631,2016-07-11,FOR,17.80407,25.14837,4.0,No,2016.0,7.0,"(7.0, 2016.0)",1.0
632,2016-07-12,FOR,17.80407,25.14837,10.0,No,2016.0,7.0,"(7.0, 2016.0)",1.0
633,2016-08-01,FOR,17.80133,25.15019,1.0,,2016.0,8.0,"(8.0, 2016.0)",1.0
634,2016-08-02,FOR,,,6.0,,2016.0,8.0,"(8.0, 2016.0)",1.0
635,2016-08-27,FOR,17.784647,25.159328,14.0,No,2016.0,8.0,"(8.0, 2016.0)",1.0
636,2016-12-22,FOR,17.80079,25.14998,13.0,,2016.0,12.0,"(12.0, 2016.0)",1.0
637,2016-12-27,FOR,17.800955,25.150015,10.0,,2016.0,12.0,"(12.0, 2016.0)",1.0
638,2017-01-10,FOR,17.801325,25.150051,12.0,,2017.0,1.0,"(1.0, 2017.0)",1.0
639,2017-01-18,FOR,17.801325,25.150051,13.0,,2017.0,1.0,"(1.0, 2017.0)",1.0
640,2017-01-19,FOR,17.8018,25.15069,15.0,,2017.0,1.0,"(1.0, 2017.0)",1.0
641,2017-01-30,FOR,17.801292,25.148992,7.0,No,2017.0,1.0,"(1.0, 2017.0)",1.0
642,2017-02-02,FOR,17.801734,25.148808,25.0,,2017.0,2.0,"(2.0, 2017.0)",1.0
643,2017-02-07,FOR,17.801742,25.148832,10.0,No,2017.0,2.0,"(2.0, 2017.0)",1.0
644,2017-02-10,FOR,17.80177,25.15061,17.0,,2017.0,2.0,"(2.0, 2017.0)",1.0
645,2017-02-13,FOR,17.80177,25.15061,24.0,,2017.0,2.0,"(2.0, 2017.0)",1.0
646,2017-02-17,FOR,17.801292,25.148992,20.0,,2017.0,2.0,"(2.0, 2017.0)",1.0
647,2017-02-22,FOR,17.803025,25.150797,14.0,,2017.0,2.0,"(2.0, 2017.0)",1.0
648,2017-02-23,FOR,17.801292,25.148992,16.0,,2017.0,2.0,"(2.0, 2017.0)",1.0
649,2017-03-03,FOR,17.801379,25.150114,17.0,,2017.0,3.0,"(3.0, 2017.0)",1.0
650,2017-03-07,FOR,,,11.0,,2017.0,3.0,"(3.0, 2017.0)",1.0
651,2017-03-09,FOR,,,19.0,,2017.0,3.0,"(3.0, 2017.0)",1.0
652,2017-03-16,FOR,-17.8011,25.15091,16.0,No,2017.0,3.0,"(3.0, 2017.0)",1.0
653,2017-03-20,FOR,-17.803051,25.149109,10.0,No,2017.0,3.0,"(3.0, 2017.0)",1.0
654,2017-03-22,FOR,-17.80204,25.14926,12.0,No,2017.0,3.0,"(3.0, 2017.0)",1.0
655,2017-03-30,FOR,-,-,19.0,Yes,2017.0,3.0,"(3.0, 2017.0)",1.0
656,2017-04-03,FOR,-17.80256,25.14953,10.0,No,2017.0,4.0,"(4.0, 2017.0)",1.0
657,2017-04-10,FOR,-17.79928,25.14981,22.0,No,2017.0,4.0,"(4.0, 2017.0)",1.0
658,2017-04-21,FOR, -17.801987,25.148571,21.0,No,2017.0,4.0,"(4.0, 2017.0)",1.0
659,2017-05-02,FOR,-17.80649,25.14877,15.0,No,2017.0,5.0,"(5.0, 2017.0)",1.0
660,2017-05-05,FOR,-17.80132,25.15018,10.0,No,2017.0,5.0,"(5.0, 2017.0)",1.0
661,2017-05-09,FOR,-,-,19.0,Yes,2017.0,5.0,"(5.0, 2017.0)",1.0
662,2017-05-12,FOR,,,21.0,No,2017.0,5.0,"(5.0, 2017.0)",1.0
663,2017-05-15,FOR,-17.80107,25.15068,11.0,No,2017.0,5.0,"(5.0, 2017.0)",1.0
664,2017-05-26,FOR,-17.80135,25.15008,21.0,,2017.0,5.0,"(5.0, 2017.0)",1.0
665,2017-05-30,FOR,-17.80009,25.15289,25.0,No,2017.0,5.0,"(5.0, 2017.0)",1.0
666,2017-06-02,FOR,-17.80142,25.15077,27.0,No,2017.0,6.0,"(6.0, 2017.0)",1.0
667,2017-06-05,FOR,-17.80131,25.15107,17.0,No,2017.0,6.0,"(6.0, 2017.0)",1.0
668,2017-06-10,FOR,-17.80101,25.1487,14.0,No,2017.0,6.0,"(6.0, 2017.0)",1.0
669,2017-06-14,FOR,-17.80145,25.14998,18.0,No,2017.0,6.0,"(6.0, 2017.0)",1.0
670,2017-06-19,FOR,-17.80082,25.14963,20.0,No,2017.0,6.0,"(6.0, 2017.0)",1.0
671,2017-06-20,FOR,-17.80163,25.14972,21.0,Yes,2017.0,6.0,"(6.0, 2017.0)",1.0
672,2017-06-22,FOR,-17.80121,25.14995,10.0,No,2017.0,6.0,"(6.0, 2017.0)",1.0
673,2017-06-26,FOR,-17.79893,25.1501,19.0,Yes,2017.0,6.0,"(6.0, 2017.0)",1.0
674,2017-06-29,FOR,-17.80313,25.14921,3.0,No,2017.0,6.0,"(6.0, 2017.0)",1.0
675,2017-07-06,FOR,-17.80157,25.14968,21.0,Yes,2017.0,7.0,"(7.0, 2017.0)",1.0
676,2017-07-07,FOR,-17.80183,25.14845,18.0,Yes,2017.0,7.0,"(7.0, 2017.0)",1.0
677,2017-07-13,FOR,-17.80085,25.14858,8.0,No,2017.0,7.0,"(7.0, 2017.0)",1.0
678,2017-07-25,FOR, -17.800317 ,25.150389,20.0,Yes,2017.0,7.0,"(7.0, 2017.0)",1.0
679,2017-07-31,FOR,-17.801474,25.149294,17.0,Yes,2017.0,7.0,"(7.0, 2017.0)",1.0
680,2017-08-18,FOR,-17.80303,25.14964,15.0,No,2017.0,8.0,"(8.0, 2017.0)",1.0
681,2017-08-28,FOR,-17.80147,25.15113,13.0,Yes,2017.0,8.0,"(8.0, 2017.0)",1.0
682,2017-09-12,FOR,-17.80145,25.15,16.0,No,2017.0,9.0,"(9.0, 2017.0)",1.0
683,2017-09-13,FOR,-17.80317,25.14944,15.0,Yes,2017.0,9.0,"(9.0, 2017.0)",1.0
684,2017-09-15,FOR,-17.80167,25.15065,13.0,No,2017.0,9.0,"(9.0, 2017.0)",1.0
685,2017-09-17,FOR,-17.80096,25.14862,15.0,No,2017.0,9.0,"(9.0, 2017.0)",1.0
686,2017-09-25,FOR,-17.801466,25.150237,15.0,No,2017.0,9.0,"(9.0, 2017.0)",1.0
687,2017-09-25,FOR,-17.80188,25.14977,13.0,No,2017.0,9.0,"(9.0, 2017.0)",1.0
688,2017-09-27,FOR,-17.80134,25.14871,12.0,No,2017.0,9.0,"(9.0, 2017.0)",1.0
689,2017-09-30,FOR,-17.80175,25.15084,16.0,No,2017.0,9.0,"(9.0, 2017.0)",1.0
690,2017-10-17,FOR,-17.80146,25.1505,10.0,No,2017.0,10.0,"(10.0, 2017.0)",1.0
691,2017-11-02,FOR,-17.80351,25.14966,15.0,No,2017.0,11.0,"(11.0, 2017.0)",1.0
692,2017-11-15,FOR,-17.80376,25.15127,4.0,No,2017.0,11.0,"(11.0, 2017.0)",1.0
693,2017-11-20,FOR,-17.80367,25.15254,6.0,No,2017.0,11.0,"(11.0, 2017.0)",1.0
694,2017-11-23,FOR,-17.80317,25.15284,4.0,No,2017.0,11.0,"(11.0, 2017.0)",1.0
695,2017-11-24,FOR,-17.80322,25.15443,7.0,No,2017.0,11.0,"(11.0, 2017.0)",1.0
696,2017-11-27,FOR,-17.80322,25.15443,7.0,Yes,2017.0,11.0,"(11.0, 2017.0)",1.0
697,2017-12-04,FOR,-17.80217,25.15522,13.0,No,2017.0,12.0,"(12.0, 2017.0)",1.0
698,2017-12-07,FOR,-17.80091,25.15535,11.0,No,2017.0,12.0,"(12.0, 2017.0)",1.0
699,2017-12-11,FOR,-17.80272,25.15557,14.0,No,2017.0,12.0,"(12.0, 2017.0)",1.0
700,2017-12-18,FOR,-17.803828,25.15558,13.0,No,2017.0,12.0,"(12.0, 2017.0)",1.0
701,2017-12-21,FOR,-17.802814,25.153896,16.0,No,2017.0,12.0,"(12.0, 2017.0)",1.0
702,2017-12-22,FOR,-17.801124,25.155762,13.0,No,2017.0,12.0,"(12.0, 2017.0)",1.0
703,2018-01-03,FOR,-17.80512,25.15168,4.0,No,2018.0,1.0,"(1.0, 2018.0)",1.0
704,2018-01-11,FOR,-17.80394,25.14921,10.0,No,2018.0,1.0,"(1.0, 2018.0)",1.0
705,2018-01-31,FOR,-17.80441,25.14903,9.0,No,2018.0,1.0,"(1.0, 2018.0)",1.0
706,2018-02-02,FOR,-17.80446,25.14948,9.0,No,2018.0,2.0,"(2.0, 2018.0)",1.0
707,2018-02-12,FOR,-17.80337,25.15611,8.0,No,2018.0,2.0,"(2.0, 2018.0)",1.0
708,2018-02-13,FOR,-17.805407,25.156981,5.0,No,2018.0,2.0,"(2.0, 2018.0)",1.0
709,2018-02-14,FOR,-17.80235,25.15636,10.0,No,2018.0,2.0,"(2.0, 2018.0)",1.0
710,2018-02-21,FOR,-17.80183,25.15539,9.0,No,2018.0,2.0,"(2.0, 2018.0)",1.0
768,2015-10-22,KUBU,-17.7956228,25.2276564,8.0,,2015.0,10.0,"(10.0, 2015.0)",1.0
769,2015-11-02,KUBU,-17.7956228,25.2276564,7.0,,2015.0,11.0,"(11.0, 2015.0)",1.0
770,2015-12-30,KUBU,-17.79508,25.22762,10.0,,2015.0,12.0,"(12.0, 2015.0)",1.0
771,2016-01-02,KUBU,-,-,8.0,,2016.0,1.0,"(1.0, 2016.0)",1.0
772,2016-01-04,KUBU,17.80405,25.24574,9.0,,2016.0,1.0,"(1.0, 2016.0)",1.0
773,2016-01-07,KUBU,-,-,10.0,,2016.0,1.0,"(1.0, 2016.0)",1.0
774,2016-01-08,KUBU,-,-,7.0,,2016.0,1.0,"(1.0, 2016.0)",1.0
775,2016-01-15,KUBU,17.79919,25.23038,10.0,,2016.0,1.0,"(1.0, 2016.0)",1.0
776,2016-01-19,KUBU,17.79845,25.22059,15.0,,2016.0,1.0,"(1.0, 2016.0)",1.0
777,2016-01-21,KUBU,17.80234,25.14883,8.0,,2016.0,1.0,"(1.0, 2016.0)",1.0
778,2016-01-22,KUBU,-,-,12.0,Yes,2016.0,1.0,"(1.0, 2016.0)",1.0
779,2016-01-26,KUBU,17.80234,25.14883,6.0,,2016.0,1.0,"(1.0, 2016.0)",1.0
780,2016-01-28,KUBU,17.80234,25.14883,12.0,,2016.0,1.0,"(1.0, 2016.0)",1.0
781,2016-02-05,KUBU,17.79859,25.2298,4.0,No,2016.0,2.0,"(2.0, 2016.0)",1.0
782,2016-02-09,KUBU,17.79886,25.22912,7.0,No,2016.0,2.0,"(2.0, 2016.0)",1.0
783,2016-02-10,KUBU,17.79766,25.22803,12.0,Yes,2016.0,2.0,"(2.0, 2016.0)",1.0
784,2016-02-23,KUBU,17.79705,25.22236,1.0,No,2016.0,2.0,"(2.0, 2016.0)",1.0
785,2016-03-15,KUBU,-,-,4.0,No,2016.0,3.0,"(3.0, 2016.0)",1.0
786,2016-03-16,KUBU,17.79524,25.22999,8.0,No,2016.0,3.0,"(3.0, 2016.0)",1.0
787,2016-03-20,KUBU,-,-,10.0,No,2016.0,3.0,"(3.0, 2016.0)",1.0
788,2016-04-25,KUBU,17.79758,25.22875,6.0,No,2016.0,4.0,"(4.0, 2016.0)",1.0
814,2017-09-29,KUBU,-17.79556,25.23243,15.0,No,2017.0,9.0,"(9.0, 2017.0)",1.0
815,2017-10-09,KUBU,-17.7959,25.22992,17.0,No,2017.0,10.0,"(10.0, 2017.0)",1.0
816,2017-10-12,KUBU,-17.79636,25.23986,15.0,Yes,2017.0,10.0,"(10.0, 2017.0)",1.0
817,2017-10-31,KUBU,-17.79636,25.23986,16.0,Yes,2017.0,10.0,"(10.0, 2017.0)",1.0
818,2017-11-15,KUBU,-17.79645,25.22896,17.0,No,2017.0,11.0,"(11.0, 2017.0)",1.0
819,2017-11-24,KUBU,-17.79802,25.22846,9.0,No,2017.0,11.0,"(11.0, 2017.0)",1.0
820,2017-11-28,KUBU,-17.795145,25.232948,7.0,No,2017.0,11.0,"(11.0, 2017.0)",1.0
821,2017-12-04,KUBU,-17.79556,25.23243,32.0,No,2017.0,12.0,"(12.0, 2017.0)",1.0
822,2017-12-12,KUBU,-17.79486,25.23516,15.0,Yes,2017.0,12.0,"(12.0, 2017.0)",1.0
823,2017-12-14,KUBU,-17.79905,25.23109,10.0,No,2017.0,12.0,"(12.0, 2017.0)",1.0
824,2017-12-19,KUBU,-17.795191,25.228257,30.0,No,2017.0,12.0,"(12.0, 2017.0)",1.0
825,2018-01-08,KUBU,,,40.0,No,2018.0,1.0,"(1.0, 2018.0)",1.0
826,2018-01-11,KUBU,-17.798383,25.229397,20.0,No,2018.0,1.0,"(1.0, 2018.0)",1.0
827,2018-01-15,KUBU,-17.79519,25.22702,22.0,No,2018.0,1.0,"(1.0, 2018.0)",1.0
828,2018-02-12,KUBU,-17.79819,25.2269,8.0,No,2018.0,2.0,"(2.0, 2018.0)",1.0
829,2018-02-14,KUBU,-17.79801,25.22712,17.0,No,2018.0,2.0,"(2.0, 2018.0)",1.0
830,2018-02-21,KUBU,-17.79677,25.22889,15.0,No,2018.0,2.0,"(2.0, 2018.0)",1.0
831,2018-02-27,KUBU,-17.79638,25.22647,50.0,No,2018.0,2.0,"(2.0, 2018.0)",1.0
832,2018-03-21,KUBU,-17.7963,25.23661,53.0,No,2018.0,3.0,"(3.0, 2018.0)",1.0
858,2016-12-14,KWA,17.796279),25.215246,13.0,No,2016.0,12.0,"(12.0, 2016.0)",1.0
859,2017-01-11,KWA,17.79706,25.211356,16.0,No,2017.0,1.0,"(1.0, 2017.0)",1.0
860,2017-02-13,KWA,17.79683,25.209908,20.0,No,2017.0,2.0,"(2.0, 2017.0)",1.0
861,2017-02-21,KWA,17.80041,25.20989,22.0,,2017.0,2.0,"(2.0, 2017.0)",1.0
862,2017-03-06,KWA,17.79836,25.21024,25.0,,2017.0,3.0,"(3.0, 2017.0)",1.0
863,2017-03-16,KWA,-17.797116,25.212624,10.0,No,2017.0,3.0,"(3.0, 2017.0)",1.0
864,2017-03-27,KWA,-17.79424,25.24272,14.0,,2017.0,3.0,"(3.0, 2017.0)",1.0
865,2017-04-18,KWA,-17.7954,25.20846,11.0,No,2017.0,4.0,"(4.0, 2017.0)",1.0
866,2017-05-06,KWA,-17.7965,25.21235,10.0,No,2017.0,5.0,"(5.0, 2017.0)",1.0
867,2017-05-08,KWA,-17.796,25.20884,8.0,No,2017.0,5.0,"(5.0, 2017.0)",1.0
868,2017-05-19,KWA,-17.80085,25.21007,22.0,,2017.0,5.0,"(5.0, 2017.0)",1.0
869,2017-05-24,KWA,-17.79438,25.207,11.0,No,2017.0,5.0,"(5.0, 2017.0)",1.0
870,2017-05-29,KWA,,,17.0,Yes,2017.0,5.0,"(5.0, 2017.0)",1.0
872,2017-01-06,LIB,-17.797434,25.153876,5.0,,2017.0,1.0,"(1.0, 2017.0)",1.0
873,2017-01-30,LIB,17.796635,25.155001,10.0,No,2017.0,1.0,"(1.0, 2017.0)",1.0
874,2017-02-01,LIB,17.796458,25.155672,7.0,,2017.0,2.0,"(2.0, 2017.0)",1.0
875,2017-02-06,LIB,27.796361,25.155764,10.0,No,2017.0,2.0,"(2.0, 2017.0)",1.0
876,2017-02-09,LIB,17.79616,25.15634,8.0,,2017.0,2.0,"(2.0, 2017.0)",1.0
877,2017-02-23,LIB,17.796341,25.156185,14.0,,2017.0,2.0,"(2.0, 2017.0)",1.0
878,2017-03-03,LIB,17.79667,25.155932,9.0,,2017.0,3.0,"(3.0, 2017.0)",1.0
879,2017-03-09,LIB,,,11.0,,2017.0,3.0,"(3.0, 2017.0)",1.0
880,2017-03-27,LIB,-,-,12.0,No,2017.0,3.0,"(3.0, 2017.0)",1.0
881,2017-03-30,LIB,-,-,12.0,Yes,2017.0,3.0,"(3.0, 2017.0)",1.0
882,2017-04-03,LIB,-17.79806,25.15502,7.0,-,2017.0,4.0,"(4.0, 2017.0)",1.0
883,2017-04-10,LIB,-17.79773,25.15428,2.0,No,2017.0,4.0,"(4.0, 2017.0)",1.0
884,2017-05-02,LIB,-17.80649,25.14877,13.0,No,2017.0,5.0,"(5.0, 2017.0)",1.0
885,2017-05-04,LIB,-17.79845,25.15334,16.0,No,2017.0,5.0,"(5.0, 2017.0)",1.0
886,2017-05-05,LIB,-17.79881,25.15173,12.0,Yes,2017.0,5.0,"(5.0, 2017.0)",1.0
887,2017-05-08,LIB,-17.79765,25.15296,9.0,No,2017.0,5.0,"(5.0, 2017.0)",1.0
888,2017-05-09,LIB,-,-,9.0,Yes,2017.0,5.0,"(5.0, 2017.0)",1.0
889,2017-05-12,LIB,-,-,13.0,,2017.0,5.0,"(5.0, 2017.0)",1.0
890,2017-05-15,LIB,-17.79625,25.1546,13.0,Yes,2017.0,5.0,"(5.0, 2017.0)",1.0
891,2017-06-02,LIB,-17.79771,25.15499,9.0,Yes,2017.0,6.0,"(6.0, 2017.0)",1.0
892,2017-06-05,LIB,-17.79846,25.15453,9.0,Yes,2017.0,6.0,"(6.0, 2017.0)",1.0
893,2017-06-07,LIB,-17.79615,25.15416,9.0,Yes,2017.0,6.0,"(6.0, 2017.0)",1.0
894,2017-06-09,LIB,-17.7965,25.15607,8.0,No,2017.0,6.0,"(6.0, 2017.0)",1.0
895,2017-06-11,LIB,-17.796606,25.15597,13.0,Yes,2017.0,6.0,"(6.0, 2017.0)",1.0
896,2017-06-13,LIB,-17.79582,25.15473,24.0,No,2017.0,6.0,"(6.0, 2017.0)",1.0
897,2017-06-19,LIB,-17.79661,25.15599,8.0,Yes,2017.0,6.0,"(6.0, 2017.0)",1.0
898,2017-06-21,LIB,-17.79695,25.15582,9.0,Yes,2017.0,6.0,"(6.0, 2017.0)",1.0
899,2017-06-26,LIB,-17.79782,25.15576,8.0,No,2017.0,6.0,"(6.0, 2017.0)",1.0
900,2017-06-29,LIB,-17.79758,25.15459,8.0,Yes,2017.0,6.0,"(6.0, 2017.0)",1.0
901,2017-07-05,LIB,-17.79704,25.15708,7.0,Yes,2017.0,7.0,"(7.0, 2017.0)",1.0
902,2017-07-07,LIB,-17.79757,25.15409,7.0,Yes,2017.0,7.0,"(7.0, 2017.0)",1.0
903,2017-07-13,LIB,-17.7976,25.15459,7.0,No,2017.0,7.0,"(7.0, 2017.0)",1.0
904,2017-08-04,LIB,-17.796348, 25.155146,7.0,Yes,2017.0,8.0,"(8.0, 2017.0)",1.0
905,2017-08-10,LIB,-17.796231,25.155073,8.0,Yes,2017.0,8.0,"(8.0, 2017.0)",1.0
906,2017-08-18,LIB,-17.79731,25.15383,7.0,Yes,2017.0,8.0,"(8.0, 2017.0)",1.0
907,2017-08-30,LIB,-17.79677,25.1555,7.0,Yes,2017.0,8.0,"(8.0, 2017.0)",1.0
908,2017-09-06,LIB,-17.79864,25.15211,5.0,Yes,2017.0,9.0,"(9.0, 2017.0)",1.0
909,2017-09-11,LIB,-17.79578,25.15461,6.0,Yes,2017.0,9.0,"(9.0, 2017.0)",1.0
910,2017-09-12,LIB,-17.79722,25.15371,2.0,No,2017.0,9.0,"(9.0, 2017.0)",1.0
911,2017-09-15,LIB,-17.79767,25.15301,5.0,No,2017.0,9.0,"(9.0, 2017.0)",1.0
912,2017-09-27,LIB,-17.79568,25.15485,4.0,No,2017.0,9.0,"(9.0, 2017.0)",1.0
913,2017-10-05,LIB,-17.796838,25.154488,4.0,Yes,2017.0,10.0,"(10.0, 2017.0)",1.0
914,2017-11-22,LIB,-17.801364,25.157667,4.0,Yes,2017.0,11.0,"(11.0, 2017.0)",1.0
915,2017-11-27,LIB,-17.79666,25.15593,4.0,Yes,2017.0,11.0,"(11.0, 2017.0)",1.0
916,2017-12-11,LIB,-17.79735,25.15698,5.0,Yes,2017.0,12.0,"(12.0, 2017.0)",1.0
917,2017-12-18,LIB,-17.800572,25.161089,3.0,No,2017.0,12.0,"(12.0, 2017.0)",1.0
918,2018-01-02,LIB,-17.80174,25.15809,4.0,No,2018.0,1.0,"(1.0, 2018.0)",1.0
919,2018-01-17,LIB,-17.800608,25.161097,2.0,No,2018.0,1.0,"(1.0, 2018.0)",1.0
920,2018-01-18,LIB,-17.804344,25.159869,1.0,Yes,2018.0,1.0,"(1.0, 2018.0)",1.0
921,2016-01-12,MOGO,17.79968,25.24802,2.0,,2016.0,1.0,"(1.0, 2016.0)",1.0
922,2016-01-13,MOGO,17.79968,25.24802,3.0,No,2016.0,1.0,"(1.0, 2016.0)",1.0
923,2016-02-02,MOGO,17.78918,25.16469,10.0,No,2016.0,2.0,"(2.0, 2016.0)",1.0
924,2016-02-22,MOGO,17.78837,25.1633,10.0,No,2016.0,2.0,"(2.0, 2016.0)",1.0
925,2016-03-03,MOGO,17.79351,25.16175,14.0,No,2016.0,3.0,"(3.0, 2016.0)",1.0
926,2016-03-09,MOGO,17.78865,25.1584,7.0,No,2016.0,3.0,"(3.0, 2016.0)",1.0
927,2016-03-23,MOGO,-,-,30.0,No,2016.0,3.0,"(3.0, 2016.0)",1.0
928,2016-04-05,MOGO,,,10.0,No,2016.0,4.0,"(4.0, 2016.0)",1.0
929,2016-04-27,MOGO,17.79181,25.15623,8.0,No,2016.0,4.0,"(4.0, 2016.0)",1.0
930,2016-05-19,MOGO,17.80661,25.1468,24.0,,2016.0,5.0,"(5.0, 2016.0)",1.0
931,2016-05-30,MOGO,17.79308,25.15545,15.0,No,2016.0,5.0,"(5.0, 2016.0)",1.0
932,2016-06-03,MOGO,17.79322,25.1556,1.0,No,2016.0,6.0,"(6.0, 2016.0)",1.0
933,2016-07-21,MOGO,17.79295,25.15538,5.0,No,2016.0,7.0,"(7.0, 2016.0)",1.0
934,2016-07-24,MOGO,17.79295,25.15538,10.0,No,2016.0,7.0,"(7.0, 2016.0)",1.0
935,2016-07-25,MOGO,-,-,15.0,No,2016.0,7.0,"(7.0, 2016.0)",1.0
936,2016-08-02,MOGO,17.78445,25.16784,19.0,No,2016.0,8.0,"(8.0, 2016.0)",1.0
937,2016-08-26,MOGO,17.78476,25.15823,50.0,No,2016.0,8.0,"(8.0, 2016.0)",1.0
938,2016-09-22,MOGO,17.7824,25.15922,12.0,,2016.0,9.0,"(9.0, 2016.0)",1.0
939,2016-10-10,MOGO,17.78318,25.15931,29.0,,2016.0,10.0,"(10.0, 2016.0)",1.0
1006,2015-12-31,MOW,-,-,16.0,,2015.0,12.0,"(12.0, 2015.0)",1.0
1007,2016-01-03,MOW,17.78275,25.16033,7.0,,2016.0,1.0,"(1.0, 2016.0)",1.0
1008,2016-01-04,MOW,17.78184,25.1613,12.0,,2016.0,1.0,"(1.0, 2016.0)",1.0
1009,2016-01-07,MOW,17.78184,25.1613,13.0,,2016.0,1.0,"(1.0, 2016.0)",1.0
1010,2016-02-02,MOW,17.84221,25.08053,26.0,,2016.0,2.0,"(2.0, 2016.0)",1.0
1011,2016-02-05,MOW,17.78285,25.16492,10.0,No,2016.0,2.0,"(2.0, 2016.0)",1.0
1012,2016-02-08,MOW,17.78301,25.16501,3.0,No,2016.0,2.0,"(2.0, 2016.0)",1.0
1013,2016-02-10,MOW,-,-,4.0,,2016.0,2.0,"(2.0, 2016.0)",1.0
1014,2016-02-29,MOW,17.78255,25.15992,20.0,No,2016.0,2.0,"(2.0, 2016.0)",1.0
1015,2016-03-02,MOW,17.78332,25.15969,17.0,,2016.0,3.0,"(3.0, 2016.0)",1.0
1016,2016-03-09,MOW,17.78465,25.15819,17.0,No,2016.0,3.0,"(3.0, 2016.0)",1.0
1017,2016-03-10,MOW,,,25.0,,2016.0,3.0,"(3.0, 2016.0)",1.0
1018,2016-03-14,MOW,17.8091,25.14594,20.0,No,2016.0,3.0,"(3.0, 2016.0)",1.0
1019,2016-03-17,MOW,17.78416,25.15828,4.0,No,2016.0,3.0,"(3.0, 2016.0)",1.0
1020,2016-03-18,MOW,17.78148,25.16163,12.0,No,2016.0,3.0,"(3.0, 2016.0)",1.0
1021,2016-04-04,MOW,17.78273,25.16032,16.0,No,2016.0,4.0,"(4.0, 2016.0)",1.0
1022,2016-04-06,MOW,-,-,30.0,No,2016.0,4.0,"(4.0, 2016.0)",1.0
1023,2016-04-15,MOW,-,-,30.0,No,2016.0,4.0,"(4.0, 2016.0)",1.0
1024,2016-04-26,MOW,17.78647,25.15805,23.0,,2016.0,4.0,"(4.0, 2016.0)",1.0
1025,2016-05-03,MOW,17.79283,25.18429,30.0,No,2016.0,5.0,"(5.0, 2016.0)",1.0
1026,2016-05-19,MOW,17.79134,25.2845,25.0,,2016.0,5.0,"(5.0, 2016.0)",1.0
1027,2016-05-20,MOW,17.80661,25.1468,25.0,,2016.0,5.0,"(5.0, 2016.0)",1.0
1028,2016-05-30,MOW,17.78177,25.15899,15.0,No,2016.0,5.0,"(5.0, 2016.0)",1.0
1029,2016-06-03,MOW,17.7827,25.15833,20.0,No,2016.0,6.0,"(6.0, 2016.0)",1.0
1030,2016-06-07,MOW,17.78479,25.15897,4.0,No,2016.0,6.0,"(6.0, 2016.0)",1.0
1031,2016-06-21,MOW,17.78222,25.15941,25.0,No,2016.0,6.0,"(6.0, 2016.0)",1.0
1032,2016-06-29,MOW,-,-,2.0,No,2016.0,6.0,"(6.0, 2016.0)",1.0
1033,2016-07-06,MOW,-,-,2.0,No,2016.0,7.0,"(7.0, 2016.0)",1.0
1034,2016-07-11,MOW,-,-,20.0,No,2016.0,7.0,"(7.0, 2016.0)",1.0
1035,2016-07-27,MOW,-,-,30.0,No,2016.0,7.0,"(7.0, 2016.0)",1.0
1036,2016-07-30,MOW,-,-,25.0,No,2016.0,7.0,"(7.0, 2016.0)",1.0
1037,2016-08-04,MOW,,,33.0,,2016.0,8.0,"(8.0, 2016.0)",1.0
1038,2016-08-26,MOW,17.78476,25.15823,50.0,No,2016.0,8.0,"(8.0, 2016.0)",1.0
1039,2016-08-29,MOW,17.782366,25.15825,6.0,,2016.0,8.0,"(8.0, 2016.0)",1.0
1040,2016-09-06,MOW,17.79572,25.15422,7.0,,2016.0,9.0,"(9.0, 2016.0)",1.0
1041,2016-09-22,MOW,17.7824,25.15922,28.0,,2016.0,9.0,"(9.0, 2016.0)",1.0
1042,2016-10-10,MOW,17.78318,25.15931,29.0,,2016.0,10.0,"(10.0, 2016.0)",1.0
1043,2016-10-20,MOW,17.784354,25.157646,12.0,,2016.0,10.0,"(10.0, 2016.0)",1.0
1044,2016-12-13,MOW,17.78578,25.166,4.0,,2016.0,12.0,"(12.0, 2016.0)",1.0
1045,2016-12-15,MOW,17.786293,25.165131,13.0,,2016.0,12.0,"(12.0, 2016.0)",1.0
1046,2016-12-21,MOW,17.786206,25.165152,19.0,,2016.0,12.0,"(12.0, 2016.0)",1.0
1047,2016-12-28,MOW,17.78625,25.16514,18.0,,2016.0,12.0,"(12.0, 2016.0)",1.0
1048,2016-12-30,MOW,17.78625,25.16514,21.0,,2016.0,12.0,"(12.0, 2016.0)",1.0
1049,2017-01-04,MOW,17.785627,25.165319,21.0,,2017.0,1.0,"(1.0, 2017.0)",1.0
1050,2017-01-18,MOW,17.785167,25.164303,27.0,,2017.0,1.0,"(1.0, 2017.0)",1.0
1051,2017-02-24,MOW,,,28.0,,2017.0,2.0,"(2.0, 2017.0)",1.0
1052,2017-03-23,MOW,-17.78244,25.15945,24.0,No,2017.0,3.0,"(3.0, 2017.0)",1.0
1053,2017-04-13,MOW,-17.78478,25.15916,18.0,No,2017.0,4.0,"(4.0, 2017.0)",1.0
1054,2017-05-04,MOW,-17.78187,25.16168,23.0,No,2017.0,5.0,"(5.0, 2017.0)",1.0
1055,2017-05-06,MOW,-17.78235,25.1596,16.0,No,2017.0,5.0,"(5.0, 2017.0)",1.0
1056,2017-05-08,MOW,-17.78265,25.16081,23.0,Yes,2017.0,5.0,"(5.0, 2017.0)",1.0
1057,2017-05-29,MOW,-17.782618,25.159855,27.0,Yes,2017.0,5.0,"(5.0, 2017.0)",1.0
1058,2017-06-02,MOW,-17.7834,25.16582,23.0,Yes,2017.0,6.0,"(6.0, 2017.0)",1.0
1059,2017-06-09,MOW,-17.7855,25.16772,25.0,No,2017.0,6.0,"(6.0, 2017.0)",1.0
1060,2017-06-10,MOW,-17.78339,25.16549,16.0,Yes,2017.0,6.0,"(6.0, 2017.0)",1.0
1061,2017-06-13,MOW,-17.78449,25.15798,20.0,No,2017.0,6.0,"(6.0, 2017.0)",1.0
1062,2017-06-15,MOW,-17.78815,25.1666,20.0,No,2017.0,6.0,"(6.0, 2017.0)",1.0
1063,2017-06-20,MOW,-17.78087,25.16058,10.0,No,2017.0,6.0,"(6.0, 2017.0)",1.0
1064,2017-06-21,MOW,-17.78471,25.15882,20.0,No,2017.0,6.0,"(6.0, 2017.0)",1.0
1065,2017-06-22,MOW,-17.78249,25.15036,4.0,No,2017.0,6.0,"(6.0, 2017.0)",1.0
1066,2017-06-28,MOW,-17.78343,25.15775,21.0,No,2017.0,6.0,"(6.0, 2017.0)",1.0
1067,2017-06-30,MOW,-17.78077,25.16061,21.0,No,2017.0,6.0,"(6.0, 2017.0)",1.0
1068,2017-07-22,MOW,-17.782659,25.159402,23.0,Yes,2017.0,7.0,"(7.0, 2017.0)",1.0
1069,2017-08-10,MOW,-17.78245,25.15926,14.0,No,2017.0,8.0,"(8.0, 2017.0)",1.0
1070,2017-08-11,MOW,-17.78245,25.15926,14.0,No,2017.0,8.0,"(8.0, 2017.0)",1.0
1071,2017-08-21,MOW,-17.78426,25.16413,18.0,Yes,2017.0,8.0,"(8.0, 2017.0)",1.0
1072,2017-08-25,MOW,-17.78279,25.15911,16.0,Yes,2017.0,8.0,"(8.0, 2017.0)",1.0
1073,2017-09-06,MOW,-17.78092,25.16029,20.0,No,2017.0,9.0,"(9.0, 2017.0)",1.0
1074,2017-09-12,MOW,-17.781,25.16018,10.0,No,2017.0,9.0,"(9.0, 2017.0)",1.0
1075,2017-09-13,MOW,-17.78422,25.15801,9.0,No,2017.0,9.0,"(9.0, 2017.0)",1.0
1076,2017-09-14,MOW,-17.78547,25.15843,23.0,No,2017.0,9.0,"(9.0, 2017.0)",1.0
1077,2017-09-22,MOW,-17.7824,25.16269,20.0,No,2017.0,9.0,"(9.0, 2017.0)",1.0
1078,2017-09-29,MOW,-17.78227,25.16034,26.0,No,2017.0,9.0,"(9.0, 2017.0)",1.0
1079,2017-10-09,MOW,-17.78235,25.16238,25.0,No,2017.0,10.0,"(10.0, 2017.0)",1.0
1080,2017-11-01,MOW,-17.78293,25.1592,20.0,No,2017.0,11.0,"(11.0, 2017.0)",1.0
1081,2017-11-15,MOW,-17.78471,25.15908,8.0,No,2017.0,11.0,"(11.0, 2017.0)",1.0
1082,2017-11-20,MOW,-17.783328,25.165145,14.0,No,2017.0,11.0,"(11.0, 2017.0)",1.0
1083,2017-11-23,MOW,-17.78376,25.16979,9.0,No,2017.0,11.0,"(11.0, 2017.0)",1.0
1084,2017-11-24,MOW,-17.783075,25.169324,16.0,No,2017.0,11.0,"(11.0, 2017.0)",1.0
1085,2017-11-28,MOW,-17.78336,25.16548,16.0,Yes,2017.0,11.0,"(11.0, 2017.0)",1.0
1086,2017-12-04,MOW,-17.7869,25.16546,14.0,Yes,2017.0,12.0,"(12.0, 2017.0)",1.0
1087,2017-12-07,MOW,-17.78333,25.16659,16.0,No,2017.0,12.0,"(12.0, 2017.0)",1.0
1088,2017-12-07,MOW,-17.7853,25.16542,16.0,No,2017.0,12.0,"(12.0, 2017.0)",1.0
1089,2017-12-11,MOW,-17.78675,25.15835,12.0,No,2017.0,12.0,"(12.0, 2017.0)",1.0
1090,2018-01-02,MOW,-17.78493,25.15943,13.0,No,2018.0,1.0,"(1.0, 2018.0)",1.0
1091,2018-01-03,MOW,-17.78642,25.16716,22.0,No,2018.0,1.0,"(1.0, 2018.0)",1.0
1092,2018-01-04,MOW,-17.787836,25.166761,19.0,No,2018.0,1.0,"(1.0, 2018.0)",1.0
1093,2018-01-05,MOW,-17.788066,25.162993,26.0,Yes,2018.0,1.0,"(1.0, 2018.0)",1.0
1094,2018-01-15,MOW,-17.78242,25.15947,32.0,No,2018.0,1.0,"(1.0, 2018.0)",1.0
1095,2018-01-30,MOW,.17.78307,25.15971,17.0,No,2018.0,1.0,"(1.0, 2018.0)",1.0
1096,2018-02-05,MOW,-17.787317,25.159968,3.0,No,2018.0,2.0,"(2.0, 2018.0)",1.0
1097,2018-02-12,MOW,-17.78762,25.16059,2.0,No,2018.0,2.0,"(2.0, 2018.0)",1.0
1098,2018-02-21,MOW,-17.78451,25.15803,19.0,No,2018.0,2.0,"(2.0, 2018.0)",1.0
1099,2018-03-09,MOW,-17.78228,25.16744,1.0,No,2018.0,3.0,"(3.0, 2018.0)",1.0
1100,2018-03-19,MOW,-17.78849,25.15985,30.0,No,2018.0,3.0,"(3.0, 2018.0)",1.0
1101,2018-03-29,MOW,-17.787493,25.166161,8.0,No,2018.0,3.0,"(3.0, 2018.0)",1.0
1102,2017-09-14,ODH,-17.79211,25.156009,25.0,No,2017.0,9.0,"(9.0, 2017.0)",1.0
1103,2017-09-15,ODH,-17.79283,25.15594,30.0,No,2017.0,9.0,"(9.0, 2017.0)",1.0
1104,2017-09-22,ODH,-17.794555,25.15436,25.0,No,2017.0,9.0,"(9.0, 2017.0)",1.0
1105,2017-09-27,ODH,-17.795237,25.153198,31.0,Yes,2017.0,9.0,"(9.0, 2017.0)",1.0
1106,2017-10-31,ODH,-17.79096,25.15694,32.0,No,2017.0,10.0,"(10.0, 2017.0)",1.0
1107,2017-11-17,ODH,-17.801543,25.149349,1.0,No,2017.0,11.0,"(11.0, 2017.0)",1.0
1108,2017-11-20,ODH,-17.80197,25.15071,16.0,No,2017.0,11.0,"(11.0, 2017.0)",1.0
1109,2017-11-22,ODH,-17.80212,25.15052,18.0,No,2017.0,11.0,"(11.0, 2017.0)",1.0
1110,2017-11-23,ODH,-17.80164,25.15066,30.0,No,2017.0,11.0,"(11.0, 2017.0)",1.0
1111,2017-11-24,ODH,-17.80172,25.15067,15.0,No,2017.0,11.0,"(11.0, 2017.0)",1.0
1112,2017-11-29,ODH,-17.801497,25.150221,16.0,No,2017.0,11.0,"(11.0, 2017.0)",1.0
1113,2017-12-05,ODH,-17.79975,25.14988,21.0,Yes,2017.0,12.0,"(12.0, 2017.0)",1.0
1114,2017-12-07,ODH,-17.79915,25.14991,22.0,No,2017.0,12.0,"(12.0, 2017.0)",1.0
1115,2017-12-11,ODH,-17.79688,25.15236,24.0,No,2017.0,12.0,"(12.0, 2017.0)",1.0
1116,2017-12-15,ODH,-17.80081,25.80081,9.0,No,2017.0,12.0,"(12.0, 2017.0)",1.0
1117,2017-12-18,ODH,-17.801798,25.149711,8.0,Yes,2017.0,12.0,"(12.0, 2017.0)",1.0
1118,2017-12-26,ODH,-17.790244,25.157914,15.0,No,2017.0,12.0,"(12.0, 2017.0)",1.0
1119,2017-12-27,ODH,-17.792829,25.155341,15.0,No,2017.0,12.0,"(12.0, 2017.0)",1.0
1120,2018-01-03,ODH,-17.80348,25.15127,14.0,No,2018.0,1.0,"(1.0, 2018.0)",1.0
1121,2018-01-04,ODH,-17.7894,25.15827,40.0,No,2018.0,1.0,"(1.0, 2018.0)",1.0
1122,2018-01-09,ODH,-17.803128,25.149389,19.0,Yes,2018.0,1.0,"(1.0, 2018.0)",1.0
1123,2018-02-02,ODH,-17.80162,25.14964,10.0,No,2018.0,2.0,"(2.0, 2018.0)",1.0
1124,2018-02-05,ODH,-17.80192,25.15002,21.0,No,2018.0,2.0,"(2.0, 2018.0)",1.0
1125,2018-02-21,ODH,-17.80139,25.15214,23.0,No,2018.0,2.0,"(2.0, 2018.0)",1.0
1126,2018-03-05,ODH,-17.8033,25.14771,15.0,No,2018.0,3.0,"(3.0, 2018.0)",1.0
1127,2018-03-09,ODH,-17.79049,25.15758,29.0,No,2018.0,3.0,"(3.0, 2018.0)",1.0
1128,2018-03-20,ODH,-17.79241,25.15553,34.0,No,2018.0,3.0,"(3.0, 2018.0)",1.0
1129,2018-03-26,ODH,-17.79682,25.15211,33.0,No,2018.0,3.0,"(3.0, 2018.0)",1.0
1130,2018-03-30,ODH,-17.797293 ,25.151955,27.0,No,2018.0,3.0,"(3.0, 2018.0)",1.0
1159,2016-12-16,PLAT,17.80029,25.15626,33.0,No,2016.0,12.0,"(12.0, 2016.0)",1.0
1160,2017-01-20,PLAT,17.80151,25.15799,3.0,No,2017.0,1.0,"(1.0, 2017.0)",1.0
1161,2017-02-02,PLAT,17.803564,25.157949,35.0,No,2017.0,2.0,"(2.0, 2017.0)",1.0
1162,2017-02-13,PLAT,17.80275,25.15561,25.0,,2017.0,2.0,"(2.0, 2017.0)",1.0
1163,2017-02-20,PLAT,17.80012,25.15734,39.0,,2017.0,2.0,"(2.0, 2017.0)",1.0
1164,2017-02-22,PLAT,17.80036,25.15658,20.0,,2017.0,2.0,"(2.0, 2017.0)",1.0
1165,2017-02-27,PLAT,17.80012,25.15694,42.0,,2017.0,2.0,"(2.0, 2017.0)",1.0
1166,2017-03-06,PLAT,,,30.0,,2017.0,3.0,"(3.0, 2017.0)",1.0
1167,2017-03-13,PLAT,-17.801795,25.157393,20.0,No,2017.0,3.0,"(3.0, 2017.0)",1.0
1168,2017-03-23,PLAT,-17.801562,25.157832,20.0,No,2017.0,3.0,"(3.0, 2017.0)",1.0
1169,2017-04-10,PLAT,-17.84147,25.0757,28.0,15,2017.0,4.0,"(4.0, 2017.0)",1.0
1170,2017-04-24,PLAT,-17.80168,25.15749,24.0,Yes,2017.0,4.0,"(4.0, 2017.0)",1.0
1171,2017-05-17,PLAT,-17.79912,25.15875,33.0,Yes,2017.0,5.0,"(5.0, 2017.0)",1.0
1172,2017-05-26,PLAT,-17.79968,25.1605,29.0,No,2017.0,5.0,"(5.0, 2017.0)",1.0
1173,2017-06-05,PLAT,-17.79844,25.15453,27.0,Yes,2017.0,6.0,"(6.0, 2017.0)",1.0
1174,2017-06-06,PLAT,-17.8004,25.1576,13.0,No,2017.0,6.0,"(6.0, 2017.0)",1.0
1175,2017-06-14,PLAT,,,24.0,No,2017.0,6.0,"(6.0, 2017.0)",1.0
1176,2017-06-20,PLAT,-17.796762,5.164407,2.0,No,2017.0,6.0,"(6.0, 2017.0)",1.0
1177,2017-06-28,PLAT,-17.802687 ,25.15588,15.0,No,2017.0,6.0,"(6.0, 2017.0)",1.0
1178,2017-06-29,PLAT,-17.80321,25.15621,21.0,Yes,2017.0,6.0,"(6.0, 2017.0)",1.0
1179,2017-07-13,PLAT,-17.8022,25.15634,10.0,No,2017.0,7.0,"(7.0, 2017.0)",1.0
1180,2017-08-01,PLAT,-17.801251,25.157852,20.0,Yes,2017.0,8.0,"(8.0, 2017.0)",1.0
1181,2017-08-04,PLAT, -17.796736,25.155728,26.0,No,2017.0,8.0,"(8.0, 2017.0)",1.0
1182,2017-08-10,PLAT,-17.79652,25.15493,12.0,No,2017.0,8.0,"(8.0, 2017.0)",1.0
1183,2017-08-30,PLAT,-17.79711,25.15538,13.0,No,2017.0,8.0,"(8.0, 2017.0)",1.0
1184,2017-09-07,PLAT,-17.79827,25.15019,23.0,No,2017.0,9.0,"(9.0, 2017.0)",1.0
1185,2017-09-12,PLAT,-17.80126,25.1592,22.0,No,2017.0,9.0,"(9.0, 2017.0)",1.0
1218,2016-02-23,SDRF,17.82817,25.12572,5.0,No,2016.0,2.0,"(2.0, 2016.0)",1.0
1219,2016-02-25,SDRF,17.82821,25.12576,3.0,No,2016.0,2.0,"(2.0, 2016.0)",1.0
1220,2016-03-03,SDRF,17.8334,25.13512,20.0,No,2016.0,3.0,"(3.0, 2016.0)",1.0
1221,2016-03-09,SDRF,17.82797,25.12316,12.0,No,2016.0,3.0,"(3.0, 2016.0)",1.0
1222,2016-04-19,SDRF,17.82808,25.12977,9.0,No,2016.0,4.0,"(4.0, 2016.0)",1.0
1223,2016-05-07,SDRF,17.82813,25.12424,4.0,,2016.0,5.0,"(5.0, 2016.0)",1.0
1224,2016-06-09,SDRF,17.82805,25.12696,12.0,,2016.0,6.0,"(6.0, 2016.0)",1.0
1225,2016-07-20,SDRF,17.82793,25.12884,3.0,No,2016.0,7.0,"(7.0, 2016.0)",1.0
1226,2016-08-02,SDRF,-,-,6.0,,2016.0,8.0,"(8.0, 2016.0)",1.0
1227,2016-09-20,SDRF,17.82851,25.13147,17.0,,2016.0,9.0,"(9.0, 2016.0)",1.0
1228,2016-09-23,SDRF,17.82851,25.13147,10.0,No,2016.0,9.0,"(9.0, 2016.0)",1.0
1231,2012-01-31,SEF,,,27.0,,2012.0,1.0,"(1.0, 2012.0)",1.0
1232,2012-02-06,SEF,,,11.0,,2012.0,2.0,"(2.0, 2012.0)",1.0
1233,2012-02-07,SEF,,,27.0,,2012.0,2.0,"(2.0, 2012.0)",1.0
1234,2012-02-08,SEF,,,22.0,,2012.0,2.0,"(2.0, 2012.0)",1.0
1235,2012-03-19,SEF,,,25.0,,2012.0,3.0,"(3.0, 2012.0)",1.0
1236,2012-04-27,SEF,,,24.0,,2012.0,4.0,"(4.0, 2012.0)",1.0
1237,2012-05-31,SEF,,,20.0,No,2012.0,5.0,"(5.0, 2012.0)",1.0
1238,2012-06-07,SEF,,,3.0,,2012.0,6.0,"(6.0, 2012.0)",1.0
1239,2012-06-18,SEF,,,19.0,,2012.0,6.0,"(6.0, 2012.0)",1.0
1240,2012-07-23,SEF,,,15.0,,2012.0,7.0,"(7.0, 2012.0)",1.0
1241,2012-09-28,SEF,,,19.0,,2012.0,9.0,"(9.0, 2012.0)",1.0
1242,2012-10-16,SEF,,,19.0,,2012.0,10.0,"(10.0, 2012.0)",1.0
1243,2012-11-09,SEF,,,17.0,,2012.0,11.0,"(11.0, 2012.0)",1.0
1244,2012-12-03,SEF,,,0.0,,2012.0,12.0,"(12.0, 2012.0)",1.0
1245,2013-01-10,SEF,,,23.0,,2013.0,1.0,"(1.0, 2013.0)",1.0
1246,2013-01-28,SEF,,,22.0,No,2013.0,1.0,"(1.0, 2013.0)",1.0
1247,2013-02-07,SEF,,,13.0,,2013.0,2.0,"(2.0, 2013.0)",1.0
1263,2015-05-25,SEF,,,35.0,No,2015.0,5.0,"(5.0, 2015.0)",1.0
1264,2015-06-09,SEF,,,20.0,,2015.0,6.0,"(6.0, 2015.0)",1.0
1265,2015-06-16,SEF,,,38.0,,2015.0,6.0,"(6.0, 2015.0)",1.0
1266,2015-06-24,SEF,,,30.0,,2015.0,6.0,"(6.0, 2015.0)",1.0
1267,2015-06-25,SEF,,,12.0,,2015.0,6.0,"(6.0, 2015.0)",1.0
1268,2015-06-26,SEF,,,25.0,,2015.0,6.0,"(6.0, 2015.0)",1.0
1269,2015-06-26,SEF,,,30.0,,2015.0,6.0,"(6.0, 2015.0)",1.0
1270,2015-07-01,SEF,,,25.0,,2015.0,7.0,"(7.0, 2015.0)",1.0
1271,2015-07-23,SEF,,,30.0,,2015.0,7.0,"(7.0, 2015.0)",1.0
1272,2015-07-30,SEF,-17.78555,25.18272,30.0,,2015.0,7.0,"(7.0, 2015.0)",1.0
1273,2015-08-09,SEF,,,30.0,,2015.0,8.0,"(8.0, 2015.0)",1.0
1274,2015-08-13,SEF,,,6.0,,2015.0,8.0,"(8.0, 2015.0)",1.0
1275,2015-08-17,SEF,-17.78485,25.17234,36.0,,2015.0,8.0,"(8.0, 2015.0)",1.0
1276,2015-08-28,SEF,-17.7889698,25.1821473,18.0,,2015.0,8.0,"(8.0, 2015.0)",1.0
1277,2015-09-04,SEF,-17.784983,25.1756805,25.0,,2015.0,9.0,"(9.0, 2015.0)",1.0
1278,2015-10-22,SEF,-17.78588,25.18062,23.0,,2015.0,10.0,"(10.0, 2015.0)",1.0
1279,2015-10-30,SEF,-17.78488,25.17605,16.0,,2015.0,10.0,"(10.0, 2015.0)",1.0
1280,2015-11-13,SEF,,,17.0,,2015.0,11.0,"(11.0, 2015.0)",1.0
1304,2017-02-02,SEF,,,20.0,No,2017.0,2.0,"(2.0, 2017.0)",1.0
1305,2017-02-06,SEF,17.78869,25.17656,20.0,No,2017.0,2.0,"(2.0, 2017.0)",1.0
1306,2017-02-10,SEF,,,30.0,,2017.0,2.0,"(2.0, 2017.0)",1.0
1307,2017-02-17,SEF,,,20.0,,2017.0,2.0,"(2.0, 2017.0)",1.0
1308,2017-03-15,SEF,-17.785312,25.172365,14.0,No,2017.0,3.0,"(3.0, 2017.0)",1.0
1309,2017-03-20,SEF,-17.78926,25.17763,21.0,No,2017.0,3.0,"(3.0, 2017.0)",1.0
1310,2017-04-05,SEF,-17.80223,25.14941,28.0,-,2017.0,4.0,"(4.0, 2017.0)",1.0
1311,2017-05-08,SEF,-17.78462,25.17489,35.0,Yes,2017.0,5.0,"(5.0, 2017.0)",1.0
1312,2017-05-15,SEF,-17.7842,25.17425,18.0,No,2017.0,5.0,"(5.0, 2017.0)",1.0
1313,2017-05-16,SEF,,,17.0,No,2017.0,5.0,"(5.0, 2017.0)",1.0
1314,2017-05-17,SEF,-17.788574,25.173959,19.0,No,2017.0,5.0,"(5.0, 2017.0)",1.0
1315,2017-06-08,SEF,-17.78483,25.17426,22.0,Yes,2017.0,6.0,"(6.0, 2017.0)",1.0
1316,2017-06-26,SEF,-17.78488,25.17494,50.0,No,2017.0,6.0,"(6.0, 2017.0)",1.0
1317,2017-06-28,SEF,-17.78886,25.17688,51.0,No,2017.0,6.0,"(6.0, 2017.0)",1.0
1318,2017-06-30,SEF,-17.78878,25.17622,40.0,No,2017.0,6.0,"(6.0, 2017.0)",1.0
1319,2017-07-05,SEF,-17.785162,25.1742,10.0,Yes,2017.0,7.0,"(7.0, 2017.0)",1.0
1320,2017-08-25,SEF,-17.79384,25.17815,3.0,Yes,2017.0,8.0,"(8.0, 2017.0)",1.0
1321,2017-09-06,SEF,-17.78524,25.07236,31.0,No,2017.0,9.0,"(9.0, 2017.0)",1.0
1322,2017-09-11,SEF,-17.78524,25.1726,33.0,No,2017.0,9.0,"(9.0, 2017.0)",1.0
1323,2017-09-14,SEF,-17.78958,25.17899,11.0,No,2017.0,9.0,"(9.0, 2017.0)",1.0
1324,2017-09-29,SEF,-17.78482,25.17269,21.0,No,2017.0,9.0,"(9.0, 2017.0)",1.0
1325,2017-10-09,SEF,-17.7853,25.17279,17.0,Yes,2017.0,10.0,"(10.0, 2017.0)",1.0
1326,2017-10-18,SEF,-17.7853,25.17279,17.0,No,2017.0,10.0,"(10.0, 2017.0)",1.0
1327,2017-11-04,SEF,-17.78747,25.16939,7.0,No,2017.0,11.0,"(11.0, 2017.0)",1.0
1328,2017-12-11,SEF,-17.7938,25.1644,3.0,,2017.0,12.0,"(12.0, 2017.0)",1.0
1329,2017-12-27,SEF,-17.798754,25.168911,3.0,No,2017.0,12.0,"(12.0, 2017.0)",1.0
1330,2018-01-02,SEF,-17.79634,25.1696,7.0,No,2018.0,1.0,"(1.0, 2018.0)",1.0
1331,2018-01-12,SEF,-17.79642,25.16982,5.0,No,2018.0,1.0,"(1.0, 2018.0)",1.0
1332,2018-01-16,SEF,-17.798473,25.168744,5.0,No,2018.0,1.0,"(1.0, 2018.0)",1.0
1333,2018-01-17,SEF,-17.796741,25.167832,11.0,No,2018.0,1.0,"(1.0, 2018.0)",1.0
1334,2018-01-18,SEF,-17.79873,25.16844,4.0,No,2018.0,1.0,"(1.0, 2018.0)",1.0
1335,2018-01-31,SEF,-17.79629,25.16259,5.0,No,2018.0,1.0,"(1.0, 2018.0)",1.0
1336,2018-02-02,SEF,-795719,25.165362,1.0,No,2018.0,2.0,"(2.0, 2018.0)",1.0
1337,2018-02-05,SEF,-17.79706,25.16261,2.0,No,2018.0,2.0,"(2.0, 2018.0)",1.0
1338,2018-02-09,SEF,-17.79642,25.16682,18.0,No,2018.0,2.0,"(2.0, 2018.0)",1.0
1339,2018-02-14,SEF,-17.79594,25.16638,18.0,No,2018.0,2.0,"(2.0, 2018.0)",1.0
1340,2018-02-16,SEF,-17.79724,25.1629,9.0,No,2018.0,2.0,"(2.0, 2018.0)",1.0
1341,2018-03-19,SEF,-17.79842,25.16917,1.0,No,2018.0,3.0,"(3.0, 2018.0)",1.0
1342,2018-03-26,SEF,-17.79815,25.17317,10.0,No,2018.0,3.0,"(3.0, 2018.0)",1.0
1383,2012-08-28,WA,,,11.0,,2012.0,8.0,"(8.0, 2012.0)",1.0
1384,2012-08-28,WA,,,11.0,,2012.0,8.0,"(8.0, 2012.0)",1.0
1385,2012-09-07,WA,,,11.0,,2012.0,9.0,"(9.0, 2012.0)",1.0
1386,2012-09-20,WA,,,5.0,No,2012.0,9.0,"(9.0, 2012.0)",1.0
1387,2012-09-24,WA,,,8.0,,2012.0,9.0,"(9.0, 2012.0)",1.0
1388,2012-10-04,WA,,,3.0,No,2012.0,10.0,"(10.0, 2012.0)",1.0
1389,2012-10-12,WA,,,13.0,,2012.0,10.0,"(10.0, 2012.0)",1.0
1390,2012-10-15,WA,,,12.0,,2012.0,10.0,"(10.0, 2012.0)",1.0
1391,2012-10-18,WA,,,1.0,,2012.0,10.0,"(10.0, 2012.0)",1.0
1392,2012-10-22,WA,,,1.0,,2012.0,10.0,"(10.0, 2012.0)",1.0
1393,2012-10-29,WA,,,12.0,,2012.0,10.0,"(10.0, 2012.0)",1.0
1394,2012-10-29,WA,,,12.0,,2012.0,10.0,"(10.0, 2012.0)",1.0
1395,2012-10-30,WA,,,13.0,,2012.0,10.0,"(10.0, 2012.0)",1.0
1396,2012-11-09,WA,,,1.0,,2012.0,11.0,"(11.0, 2012.0)",1.0
1397,2012-11-20,WA,,,11.0,,2012.0,11.0,"(11.0, 2012.0)",1.0
1398,2012-11-28,WA,,,11.0,,2012.0,11.0,"(11.0, 2012.0)",1.0
1399,2012-12-06,WA,,,11.0,No,2012.0,12.0,"(12.0, 2012.0)",1.0
1400,2013-01-08,WA,,,1.0,,2013.0,1.0,"(1.0, 2013.0)",1.0
1401,2013-01-09,WA,,,9.0,,2013.0,1.0,"(1.0, 2013.0)",1.0
1402,2013-01-15,WA,,,11.0,,2013.0,1.0,"(1.0, 2013.0)",1.0
1403,2013-02-10,WA,,,11.0,,2013.0,2.0,"(2.0, 2013.0)",1.0
1404,2013-02-15,WA,,,7.0,,2013.0,2.0,"(2.0, 2013.0)",1.0
1405,2013-02-19,WA,,,11.0,,2013.0,2.0,"(2.0, 2013.0)",1.0
1406,2013-03-12,WA,,,11.0,,2013.0,3.0,"(3.0, 2013.0)",1.0
1407,2013-03-15,WA,,,18.0,No,2013.0,3.0,"(3.0, 2013.0)",1.0
1408,2013-03-15,WA,,,19.0,,2013.0,3.0,"(3.0, 2013.0)",1.0
1409,2013-03-31,WA,,,21.0,,2013.0,3.0,"(3.0, 2013.0)",1.0
1413,2013-09-05,WA,,,15.0,,2013.0,9.0,"(9.0, 2013.0)",1.0
1414,2013-09-16,WA,-17.79318,25.15566,15.0,,2013.0,9.0,"(9.0, 2013.0)",1.0
1415,2013-09-18,WA,-17.79876,25.15084,14.0,,2013.0,9.0,"(9.0, 2013.0)",1.0
1416,2013-09-19,WA,-17.79318,25.15566,15.0,,2013.0,9.0,"(9.0, 2013.0)",1.0
1417,2013-09-19,WA,-17.84197,25.08496,14.0,,2013.0,9.0,"(9.0, 2013.0)",1.0
1418,2013-09-20,WA,-17.79876,25.15084,14.0,,2013.0,9.0,"(9.0, 2013.0)",1.0
1419,2013-09-25,WA,-17.84197,25.08496,14.0,,2013.0,9.0,"(9.0, 2013.0)",1.0
1420,2013-09-25,WA,-17.79827,25.15067,14.0,,2013.0,9.0,"(9.0, 2013.0)",1.0
1421,2013-10-03,WA,-17.79827,25.15067,14.0,,2013.0,10.0,"(10.0, 2013.0)",1.0
1422,2013-10-14,WA,-17.79828,25.15525,8.0,,2013.0,10.0,"(10.0, 2013.0)",1.0
1423,2013-10-21,WA,-17.79828,25.15525,8.0,,2013.0,10.0,"(10.0, 2013.0)",1.0
1424,2013-11-04,WA,-17.80056,25.15389,14.0,,2013.0,11.0,"(11.0, 2013.0)",1.0
1425,2013-11-21,WA,-17.7995,25.15484,10.0,,2013.0,11.0,"(11.0, 2013.0)",1.0
1426,2013-11-21,WA,-17.80056,25.15389,14.0,,2013.0,11.0,"(11.0, 2013.0)",1.0
1427,2013-11-26,WA,-17.7995,25.15484,10.0,,2013.0,11.0,"(11.0, 2013.0)",1.0
1428,2013-11-26,WA,-17.79922,25.15511,6.0,,2013.0,11.0,"(11.0, 2013.0)",1.0
1429,2013-11-27,WA,-17.83367,25.09766,1.0,No,2013.0,11.0,"(11.0, 2013.0)",1.0
1430,2013-11-27,WA,-17.79945,25.15491,6.0,,2013.0,11.0,"(11.0, 2013.0)",1.0
1431,2013-11-28,WA,,,10.0,,2013.0,11.0,"(11.0, 2013.0)",1.0
1432,2013-11-29,WA,-17.79922,25.15511,6.0,,2013.0,11.0,"(11.0, 2013.0)",1.0
1433,2013-12-03,WA,,,10.0,,2013.0,12.0,"(12.0, 2013.0)",1.0
1434,2013-12-03,WA,-17.79784,25.15586,7.0,,2013.0,12.0,"(12.0, 2013.0)",1.0
1435,2013-12-03,WA,-17.79945,25.15491,6.0,,2013.0,12.0,"(12.0, 2013.0)",1.0
1436,2013-12-05,WA,-17.79776,25.15583,9.0,,2013.0,12.0,"(12.0, 2013.0)",1.0
1437,2013-12-05,WA,-17.79784,25.15586,7.0,,2013.0,12.0,"(12.0, 2013.0)",1.0
1438,2013-12-06,WA,-17.79766,25.15597,11.0,,2013.0,12.0,"(12.0, 2013.0)",1.0
1439,2013-12-12,WA,-17.79776,25.15583,9.0,,2013.0,12.0,"(12.0, 2013.0)",1.0
1440,2013-12-18,WA,-17.79475,25.1543,12.0,,2013.0,12.0,"(12.0, 2013.0)",1.0
1441,2014-01-14,WA,-17.79469,25.15266,12.0,,2014.0,1.0,"(1.0, 2014.0)",1.0
1442,2014-01-14,WA,-17.79475,25.1543,12.0,,2014.0,1.0,"(1.0, 2014.0)",1.0
1443,2014-01-16,WA,-17.79263,25.15577,5.0,No,2014.0,1.0,"(1.0, 2014.0)",1.0
1444,2014-01-21,WA,-17.79469,25.15266,12.0,,2014.0,1.0,"(1.0, 2014.0)",1.0
1445,2014-01-23,WA,-17.79263,25.15577,5.0,,2014.0,1.0,"(1.0, 2014.0)",1.0
1446,2014-01-31,WA,-17.79667,25.15477,7.0,,2014.0,1.0,"(1.0, 2014.0)",1.0
1447,2014-02-21,WA,-17.79667,25.15477,7.0,,2014.0,2.0,"(2.0, 2014.0)",1.0
1477,2015-10-23,WA,-17.79172,25.15608,15.0,,2015.0,10.0,"(10.0, 2015.0)",1.0
1478,2015-10-30,WA,-17.799474,25.1542711,13.0,,2015.0,10.0,"(10.0, 2015.0)",1.0
1479,2015-11-05,WA,-17.7992595,25.1549363,19.0,,2015.0,11.0,"(11.0, 2015.0)",1.0
1480,2015-12-29,WA,-17.79475,25.15399,7.0,,2015.0,12.0,"(12.0, 2015.0)",1.0
1481,2016-01-13,WA,17.79737,25.15754,8.0,,2016.0,1.0,"(1.0, 2016.0)",1.0
1482,2016-01-13,WA,17.79615,25.15774,12.0,,2016.0,1.0,"(1.0, 2016.0)",1.0
1483,2016-01-27,WA,-,-,10.0,,2016.0,1.0,"(1.0, 2016.0)",1.0
1484,2016-01-28,WA,17.79602,25.15768,6.0,,2016.0,1.0,"(1.0, 2016.0)",1.0
1485,2016-02-02,WA,17.7959,25.15754,2.0,No,2016.0,2.0,"(2.0, 2016.0)",1.0
1486,2016-02-10,WA,-,-,17.0,No,2016.0,2.0,"(2.0, 2016.0)",1.0
1487,2016-02-15,WA,-,-,11.0,,2016.0,2.0,"(2.0, 2016.0)",1.0
1488,2016-02-17,WA,17.79646,25.15521,16.0,,2016.0,2.0,"(2.0, 2016.0)",1.0
1489,2016-02-18,WA,17.79642,25.15549,15.0,No,2016.0,2.0,"(2.0, 2016.0)",1.0
1490,2016-02-19,WA,17.79463,25.15346,14.0,No,2016.0,2.0,"(2.0, 2016.0)",1.0
1491,2016-02-24,WA,17.7951,25.15397,10.0,No,2016.0,2.0,"(2.0, 2016.0)",1.0
1492,2016-02-29,WA,-,-,17.0,No,2016.0,2.0,"(2.0, 2016.0)",1.0
1493,2016-03-01,WA,-,-,21.0,,2016.0,3.0,"(3.0, 2016.0)",1.0
1494,2016-03-03,WA,17.78995,25.15649,18.0,,2016.0,3.0,"(3.0, 2016.0)",1.0
1495,2016-03-09,WA,-,-,27.0,Yes,2016.0,3.0,"(3.0, 2016.0)",1.0
1496,2016-04-04,WA,17.79563,25.15793,9.0,No,2016.0,4.0,"(4.0, 2016.0)",1.0
1497,2016-04-07,WA,-,-,10.0,No,2016.0,4.0,"(4.0, 2016.0)",1.0
1498,2016-04-07,WA,17.79889,25.1578,12.0,No,2016.0,4.0,"(4.0, 2016.0)",1.0
1499,2016-04-11,WA,-,-,10.0,No,2016.0,4.0,"(4.0, 2016.0)",1.0
1500,2016-04-12,WA,17.79589,25.1575,6.0,No,2016.0,4.0,"(4.0, 2016.0)",1.0
1501,2016-04-25,WA,17.79331,25.15575,14.0,,2016.0,4.0,"(4.0, 2016.0)",1.0
1502,2016-04-26,WA,-,-,4.0,No,2016.0,4.0,"(4.0, 2016.0)",1.0
1503,2016-04-27,WA,17.80156,25.14933,24.0,No,2016.0,4.0,"(4.0, 2016.0)",1.0
1504,2016-04-29,WA,-,-,10.0,No,2016.0,4.0,"(4.0, 2016.0)",1.0
1505,2016-05-03,WA,17.79283,25.18429,17.0,,2016.0,5.0,"(5.0, 2016.0)",1.0
1506,2016-05-13,WA,17.79647,25.15393,15.0,No,2016.0,5.0,"(5.0, 2016.0)",1.0
1507,2016-05-16,WA,17.79575,25.15515,25.0,,2016.0,5.0,"(5.0, 2016.0)",1.0
1508,2016-06-03,WA,17.79564,25.15418,18.0,,2016.0,6.0,"(6.0, 2016.0)",1.0
1509,2016-06-06,WA,,,9.0,No,2016.0,6.0,"(6.0, 2016.0)",1.0
1510,2016-06-09,WA,17.79687,25.15566,8.0,No,2016.0,6.0,"(6.0, 2016.0)",1.0
1511,2016-06-20,WA,17.79402,25.15483,20.0,No,2016.0,6.0,"(6.0, 2016.0)",1.0
1512,2016-07-01,WA,17.79532,25.15262,3.0,No,2016.0,7.0,"(7.0, 2016.0)",1.0
1513,2016-07-13,WA,-,-,10.0,No,2016.0,7.0,"(7.0, 2016.0)",1.0
1514,2016-07-28,WA,-,-,10.0,No,2016.0,7.0,"(7.0, 2016.0)",1.0
1515,2016-07-29,WA,17.79525,25.15271,24.0,,2016.0,7.0,"(7.0, 2016.0)",1.0
1587,2017-03-31,WDL,-,-,14.0,Yes,2017.0,3.0,"(3.0, 2017.0)",1.0
1588,2017-04-03,WDL,-17.81074,25.15696,17.0,-,2017.0,4.0,"(4.0, 2017.0)",1.0
1589,2017-04-13,WDL,-17.81185,25.15628,20.0,,2017.0,4.0,"(4.0, 2017.0)",1.0
1590,2017-05-05,WDL,-17.80953,25.15667,21.0,Yes,2017.0,5.0,"(5.0, 2017.0)",1.0
1591,2017-05-08,WDL,-17.81217,25.15636,9.0,No,2017.0,5.0,"(5.0, 2017.0)",1.0
1592,2017-05-12,WDL,-17.80911,25.15614,21.0,Yes,2017.0,5.0,"(5.0, 2017.0)",1.0
1593,2017-05-16,WDL,-17.80821,25.15298,19.0,Yes,2017.0,5.0,"(5.0, 2017.0)",1.0
1594,2017-06-07,WDL,-17.81169,25.15503,22.0,Yes,2017.0,6.0,"(6.0, 2017.0)",1.0
1595,2017-06-10,WDL,-17.80875,25.15661,18.0,Yes,2017.0,6.0,"(6.0, 2017.0)",1.0
1596,2017-06-13,WDL,-17.81224,25.15525,11.0,,2017.0,6.0,"(6.0, 2017.0)",1.0
1597,2017-06-14,WDL,-17.81321,25.15542,21.0,No,2017.0,6.0,"(6.0, 2017.0)",1.0
1598,2017-06-20,WDL,-17.81376,25.15396,17.0,No,2017.0,6.0,"(6.0, 2017.0)",1.0
1599,2017-06-21,WDL,-17.81302,25.15546,19.0,Yes,2017.0,6.0,"(6.0, 2017.0)",1.0
1600,2017-06-23,WDL,-17.81403,25.15459,16.0,Yes,2017.0,6.0,"(6.0, 2017.0)",1.0
1601,2017-06-29,WDL,-17.81333,25.154038,13.0,Yes,2017.0,6.0,"(6.0, 2017.0)",1.0
1602,2017-07-13,WDL,-17.81309,25.15577,15.0,Yes,2017.0,7.0,"(7.0, 2017.0)",1.0
1603,2017-07-30,WDL,-17.813389,25.155032,13.0,Yes,2017.0,7.0,"(7.0, 2017.0)",1.0
1604,2017-08-28,WDL,-17.81565,25.1538,17.0,Yes,2017.0,8.0,"(8.0, 2017.0)",1.0
1605,2017-09-11,WDL,-17.81343,25.15524,12.0,No,2017.0,9.0,"(9.0, 2017.0)",1.0
1606,2017-09-14,WDL,-17.80882,25.15635,12.0,Yes,2017.0,9.0,"(9.0, 2017.0)",1.0
1607,2017-09-22,WDL,-17.810266,25.159262,5.0,No,2017.0,9.0,"(9.0, 2017.0)",1.0
1608,2017-09-25,WDL,-17.809103,25.156564,17.0,,2017.0,9.0,"(9.0, 2017.0)",1.0
1609,2017-09-27,WDL,-17.80885,25.15635,8.0,No,2017.0,9.0,"(9.0, 2017.0)",1.0
1610,2017-10-03,WDL,-17.812753,25.154741,17.0,No,2017.0,10.0,"(10.0, 2017.0)",1.0
1611,2017-10-18,WDL,-17.80922,25.15539,17.0,Yes,2017.0,10.0,"(10.0, 2017.0)",1.0
1612,2017-11-14,WDL,-17.80812,25.15493,9.0,No,2017.0,11.0,"(11.0, 2017.0)",1.0
1613,2017-11-15,WDL,-17.80819,25.1549,8.0,No,2017.0,11.0,"(11.0, 2017.0)",1.0
1614,2017-11-17,WDL,-17.80902,25.15641,8.0,No,2017.0,11.0,"(11.0, 2017.0)",1.0
1615,2017-11-21,WDL,-17.80906,25.15629,9.0,No,2017.0,11.0,"(11.0, 2017.0)",1.0
1616,2017-11-24,WDL,-17.80975,25.1576,15.0,No,2017.0,11.0,"(11.0, 2017.0)",1.0
1617,2017-12-04,WDL,-17.80866,25.15454,7.0,No,2017.0,12.0,"(12.0, 2017.0)",1.0
1618,2017-12-07,WDL,-17.80963,25.15423,6.0,No,2017.0,12.0,"(12.0, 2017.0)",1.0
1619,2017-12-08,WDL,-17.81039,25.15388,24.0,No,2017.0,12.0,"(12.0, 2017.0)",1.0
1620,2017-12-11,WDL,-17.8109,25.15684,16.0,No,2017.0,12.0,"(12.0, 2017.0)",1.0
1621,2017-12-13,WDL,-17.81326,25.15316,6.0,No,2017.0,12.0,"(12.0, 2017.0)",1.0
1622,2017-12-21,WDL,-17.813039,25.156235,13.0,No,2017.0,12.0,"(12.0, 2017.0)",1.0
1623,2017-12-22,WDL,-17.811752,25.154834,14.0,No,2017.0,12.0,"(12.0, 2017.0)",1.0
1624,2017-12-26,WDL,-17.807677 ,25.154765,3.0,No,2017.0,12.0,"(12.0, 2017.0)",1.0
1625,2017-12-26,WDL,-17.81034,25.15466,11.0,No,2017.0,12.0,"(12.0, 2017.0)",1.0
1626,2018-01-02,WDL,-17.81021,25.15923,12.0,No,2018.0,1.0,"(1.0, 2018.0)",1.0
1627,2018-01-06,WDL,-17.813346,25.15338,23.0,Yes,2018.0,1.0,"(1.0, 2018.0)",1.0
1628,2018-01-08,WDL,-17.813545,25.153308,9.0,No,2018.0,1.0,"(1.0, 2018.0)",1.0
1629,2018-01-09,WDL,-17.814395,25.154665,22.0,Yes,2018.0,1.0,"(1.0, 2018.0)",1.0
1630,2018-01-11,WDL,-17.81002,25.15477,25.0,No,2018.0,1.0,"(1.0, 2018.0)",1.0
1631,2018-01-17,WDL,-17.813315,25.156063,7.0,No,2018.0,1.0,"(1.0, 2018.0)",1.0
1632,2018-01-18,WDL,-17.805848,25.160505,19.0,No,2018.0,1.0,"(1.0, 2018.0)",1.0
1633,2018-02-02,WDL,-17.810713,25.156921,25.0,No,2018.0,2.0,"(2.0, 2018.0)",1.0
1634,2018-02-09,WDL,-17.810557,25.155813,8.0,No,2018.0,2.0,"(2.0, 2018.0)",1.0
1635,2018-02-14,WDL,-17.81108,25.15462,2.0,No,2018.0,2.0,"(2.0, 2018.0)",1.0
1636,2018-02-15,WDL,-17.80882,25.15706,18.0,No,2018.0,2.0,"(2.0, 2018.0)",1.0
1637,2018-02-21,WDL,-17.81092,25.15694,19.0,Yes,2018.0,2.0,"(2.0, 2018.0)",1.0
1638,2018-02-22,WDL,-17.81069,25.15575,6.0,No,2018.0,2.0,"(2.0, 2018.0)",1.0
1639,2018-03-05,WDL,-1780742,25.15562,6.0,No,2018.0,3.0,"(3.0, 2018.0)",1.0
1640,2018-03-09,WDL,-17.81056,25.15737,13.0,No,2018.0,3.0,"(3.0, 2018.0)",1.0
1641,2018-03-21,WDL,-17.80817,25.1532,9.0,No,2018.0,3.0,"(3.0, 2018.0)",1.0
1642,2018-03-31,WDL,-17.811158,25.154847,16.0,No,2018.0,3.0,"(3.0, 2018.0)",1.0
