,Date,tdate,tdint,quarter,T,A,S,J,week,Troop
0,2008-05-11,0.5260273972602739,-1.0,3.0,31.0,,,,28,CCH
1,2008-05-18,0.5452054794520548,-1.0,3.0,34.0,,,,29,CCH
2,2008-05-25,0.5643835616438356,-1.0,3.0,35.0,,,,30,CCH
3,2008-06-01,0.5835616438356165,-1.0,3.0,37.0,,,,31,CCH
4,2008-06-08,0.6027397260273972,-1.0,3.0,37.0,,,,32,CCH
5,2008-06-15,0.6219178082191781,-1.0,3.0,37.0,,,,33,CCH
6,2008-06-22,0.6410958904109589,-1.0,3.0,37.0,,,,34,CCH
7,2008-06-29,0.6602739726027397,-1.0,3.0,37.0,,,,35,CCH
8,2008-07-06,0.6794520547945205,-1.0,3.0,36.0,,,,36,CCH
9,2008-07-13,0.6986301369863014,-1.0,3.0,36.0,13.0,14.0,9.0,37,CCH
10,2008-07-20,0.7178082191780822,-1.0,3.0,34.0,12.0,14.0,9.0,38,CCH
11,2008-07-27,0.736986301369863,-1.0,3.0,33.0,12.0,14.0,10.0,39,CCH
12,2008-08-03,0.7561643835616438,-1.0,4.0,32.0,11.0,14.0,10.0,40,CCH
13,2008-08-10,0.7753424657534247,-1.0,4.0,32.0,10.0,14.0,10.0,41,CCH
14,2008-08-17,0.7945205479452054,-1.0,4.0,31.0,,,,42,CCH
15,2008-08-24,0.8136986301369863,-1.0,4.0,30.0,,,,43,CCH
16,2008-08-31,0.8328767123287671,-1.0,4.0,30.0,,,,44,CCH
17,2008-09-07,0.852054794520548,-1.0,4.0,29.0,,,,45,CCH
18,2008-09-14,0.8712328767123287,-1.0,4.0,28.0,,,,46,CCH
19,2008-09-21,0.8904109589041096,-1.0,4.0,27.0,,,,47,CCH
20,2008-09-28,0.9095890410958904,-1.0,4.0,26.0,,,,48,CCH
21,2008-10-05,0.9287671232876712,-1.0,4.0,26.0,,,,49,CCH
22,2008-10-12,0.947945205479452,-1.0,4.0,25.0,,,,50,CCH
23,2008-10-19,0.9671232876712329,-1.0,4.0,24.0,,,,51,CCH
24,2008-10-26,0.9863013698630136,-1.0,4.0,23.0,,,,52,CCH
25,2008-11-02,0.005479452054794521,0.0,1.0,15.0,1.0,,,1,CCH
26,2008-11-09,0.024657534246575342,0.0,1.0,14.0,4.0,,,2,CCH
27,2008-11-16,0.043835616438356165,0.0,1.0,14.0,6.0,,,3,CCH
28,2008-11-23,0.06301369863013699,0.0,1.0,14.0,9.0,,,4,CCH
29,2008-11-30,0.0821917808219178,0.0,1.0,13.0,12.0,,,5,CCH
30,2008-12-07,0.10136986301369863,0.0,1.0,16.0,8.0,,,6,CCH
31,2008-12-14,0.12054794520547946,0.0,1.0,20.0,5.0,,15.0,7,CCH
32,2008-12-21,0.13972602739726028,0.0,1.0,22.0,7.0,,13.0,8,CCH
33,2008-12-28,0.1589041095890411,0.0,1.0,24.0,9.0,,11.0,9,CCH
34,2009-01-04,0.17534246575342466,0.0,1.0,25.0,11.0,,9.0,10,CCH
35,2009-01-11,0.19452054794520549,0.0,1.0,27.0,13.0,,7.0,11,CCH
36,2009-01-18,0.2136986301369863,0.0,1.0,29.0,,,,12,CCH
37,2009-01-25,0.2328767123287671,0.0,1.0,30.0,,,,13,CCH
38,2009-02-01,0.25205479452054796,0.0,2.0,32.0,19.0,12.0,1.0,14,CCH
39,2009-02-08,0.27123287671232876,0.0,2.0,33.0,19.0,12.0,1.0,15,CCH
40,2009-02-15,0.29041095890410956,0.0,2.0,34.0,18.0,12.0,1.0,16,CCH
41,2009-02-22,0.3095890410958904,0.0,2.0,34.0,18.0,12.0,1.0,17,CCH
42,2009-03-01,0.3287671232876712,0.0,2.0,35.0,18.0,12.0,2.0,18,CCH
43,2009-03-08,0.34794520547945207,0.0,2.0,35.0,,,,19,CCH
46,2009-03-29,0.4054794520547945,0.0,2.0,37.0,,,,22,CCH
47,2009-04-05,0.4246575342465753,0.0,2.0,38.0,,,,23,CCH
48,2009-04-12,0.4438356164383562,0.0,2.0,39.0,,,,24,CCH
49,2009-04-19,0.46301369863013697,0.0,2.0,39.0,,,,25,CCH
50,2009-04-26,0.4821917808219178,0.0,2.0,40.0,,,,26,CCH
51,2009-05-03,0.5013698630136987,0.0,3.0,41.0,,,,27,CCH
52,2009-05-10,0.5205479452054794,0.0,3.0,40.0,,,,28,CCH
53,2009-05-17,0.5397260273972603,0.0,3.0,39.0,,,,29,CCH
54,2009-05-24,0.5589041095890411,0.0,3.0,38.0,,,,30,CCH
55,2009-05-31,0.5780821917808219,0.0,3.0,37.0,,,,31,CCH
56,2009-06-07,0.5972602739726027,0.0,3.0,37.0,,,,32,CCH
57,2009-06-14,0.6164383561643836,0.0,3.0,37.0,,,,33,CCH
58,2009-06-21,0.6356164383561644,0.0,3.0,37.0,,,,34,CCH
59,2009-06-28,0.6547945205479452,0.0,3.0,37.0,,,,35,CCH
60,2009-07-05,0.673972602739726,0.0,3.0,36.0,,,,36,CCH
61,2009-07-12,0.6931506849315069,0.0,3.0,36.0,,,,37,CCH
62,2009-07-19,0.7123287671232876,0.0,3.0,36.0,,,,38,CCH
63,2009-07-26,0.7315068493150685,0.0,3.0,36.0,,,,39,CCH
64,2009-08-02,0.7506849315068493,0.0,4.0,36.0,,,,40,CCH
65,2009-08-09,0.7698630136986301,0.0,4.0,36.0,,,,41,CCH
66,2009-08-16,0.7890410958904109,0.0,4.0,35.0,,,,42,CCH
67,2009-08-23,0.8082191780821918,0.0,4.0,35.0,,,,43,CCH
68,2009-08-30,0.8273972602739726,0.0,4.0,33.0,,,,44,CCH
69,2009-09-06,0.8465753424657534,0.0,4.0,31.0,,,,45,CCH
70,2009-09-13,0.8657534246575342,0.0,4.0,29.0,,,,46,CCH
71,2009-09-20,0.8849315068493151,0.0,4.0,27.0,,,,47,CCH
72,2009-09-27,0.9041095890410958,0.0,4.0,26.0,,,,48,CCH
73,2009-10-04,0.9232876712328767,0.0,4.0,25.0,,,,49,CCH
74,2009-10-11,0.9424657534246575,0.0,4.0,24.0,,,,50,CCH
75,2009-10-18,0.9616438356164384,0.0,4.0,24.0,,,,51,CCH
76,2009-10-25,0.9808219178082191,0.0,4.0,23.0,,,,52,CCH
77,2009-11-01,0.0,1.0,1.0,22.0,8.0,14.0,,1,CCH
78,2009-11-08,0.019178082191780823,1.0,1.0,19.0,8.0,11.0,,2,CCH
79,2009-11-15,0.038356164383561646,1.0,1.0,15.0,7.0,7.0,,3,CCH
80,2009-11-22,0.057534246575342465,1.0,1.0,12.0,7.0,4.0,,4,CCH
81,2009-11-29,0.07671232876712329,1.0,1.0,17.0,12.0,3.0,,5,CCH
82,2009-12-06,0.0958904109589041,1.0,1.0,19.0,16.0,2.0,,6,CCH
83,2009-12-13,0.11506849315068493,1.0,1.0,21.0,16.0,2.0,,7,CCH
84,2009-12-20,0.13424657534246576,1.0,1.0,24.0,16.0,2.0,8.0,8,CCH
85,2009-12-27,0.15342465753424658,1.0,1.0,24.0,16.0,2.0,8.0,9,CCH
86,2010-01-03,0.1726027397260274,1.0,1.0,24.0,17.0,2.0,7.0,10,CCH
87,2010-01-10,0.1917808219178082,1.0,1.0,24.0,17.0,,7.0,11,CCH
88,2010-01-17,0.21095890410958903,1.0,1.0,24.0,17.0,,7.0,12,CCH
89,2010-01-24,0.23013698630136986,1.0,1.0,24.0,,,,13,CCH
90,2010-01-31,0.2493150684931507,1.0,1.0,24.0,18.0,,6.0,14,CCH
91,2010-02-07,0.2684931506849315,1.0,2.0,25.0,20.0,2.0,3.0,15,CCH
92,2010-02-14,0.2876712328767123,1.0,2.0,26.0,18.0,2.0,6.0,16,CCH
93,2010-02-21,0.30684931506849317,1.0,2.0,27.0,15.0,3.0,9.0,17,CCH
94,2010-02-28,0.32602739726027397,1.0,2.0,37.0,20.0,4.0,16.0,18,CCH
95,2010-03-07,0.3452054794520548,1.0,2.0,47.0,26.0,1.0,20.0,19,CCH
96,2010-03-14,0.3643835616438356,1.0,2.0,47.0,28.0,1.0,20.0,20,CCH
97,2010-03-21,0.3835616438356164,1.0,2.0,47.0,29.0,1.0,20.0,21,CCH
98,2010-03-28,0.40273972602739727,1.0,2.0,47.0,31.0,1.0,20.0,22,CCH
99,2010-04-04,0.42191780821917807,1.0,2.0,47.0,33.0,1.0,20.0,23,CCH
100,2010-04-11,0.4410958904109589,1.0,2.0,47.0,,,,24,CCH
101,2010-04-18,0.4602739726027397,1.0,2.0,47.0,,,,25,CCH
102,2010-04-25,0.4794520547945205,1.0,2.0,47.0,,,,26,CCH
103,2010-05-02,0.4986301369863014,1.0,3.0,47.0,,,,27,CCH
104,2010-05-09,0.5178082191780822,1.0,3.0,47.0,,,,28,CCH
105,2010-05-16,0.536986301369863,1.0,3.0,47.0,,,,29,CCH
106,2010-05-23,0.5561643835616439,1.0,3.0,47.0,45.0,2.0,,30,CCH
107,2010-05-30,0.5753424657534246,1.0,3.0,46.0,45.0,2.0,,31,CCH
108,2010-06-06,0.5945205479452055,1.0,3.0,44.0,45.0,2.0,,32,CCH
109,2010-06-13,0.6136986301369863,1.0,3.0,43.0,45.0,2.0,,33,CCH
110,2010-06-20,0.6328767123287671,1.0,3.0,42.0,45.0,2.0,,34,CCH
111,2010-06-27,0.6520547945205479,1.0,3.0,39.0,,,,35,CCH
112,2010-07-04,0.6712328767123288,1.0,3.0,37.0,,,,36,CCH
113,2010-07-11,0.6904109589041096,1.0,3.0,35.0,,,,37,CCH
114,2010-07-18,0.7095890410958904,1.0,3.0,33.0,,,,38,CCH
119,2010-08-22,0.8054794520547945,1.0,4.0,22.0,,,,43,CCH
120,2010-08-29,0.8246575342465754,1.0,4.0,20.0,,,,44,CCH
121,2010-09-05,0.8438356164383561,1.0,4.0,19.0,,,,45,CCH
122,2010-09-12,0.863013698630137,1.0,4.0,17.0,,,,46,CCH
123,2010-09-19,0.8821917808219178,1.0,4.0,17.0,,,,47,CCH
124,2010-09-26,0.9013698630136986,1.0,4.0,17.0,,,,48,CCH
125,2010-10-03,0.9205479452054794,1.0,4.0,17.0,,,,49,CCH
126,2010-10-10,0.9397260273972603,1.0,4.0,17.0,,,,50,CCH
393,2015-11-22,0.057534246575342465,7.0,1.0,13.0,,,,4,CCH
394,2015-11-29,0.07671232876712329,7.0,1.0,13.0,,,,5,CCH
395,2015-12-06,0.0958904109589041,7.0,1.0,14.0,,,,6,CCH
396,2015-12-13,0.11506849315068493,7.0,1.0,14.0,,,,7,CCH
397,2015-12-20,0.13424657534246576,7.0,1.0,14.0,,,,8,CCH
399,2016-01-03,0.1726027397260274,7.0,1.0,15.0,,,,10,CCH
400,2016-01-10,0.1917808219178082,7.0,1.0,16.0,,,,11,CCH
401,2016-01-17,0.21095890410958903,7.0,1.0,16.0,,,,12,CCH
402,2016-01-24,0.23013698630136986,7.0,1.0,16.0,,,,13,CCH
403,2016-01-31,0.2493150684931507,7.0,1.0,17.0,,,,14,CCH
404,2016-02-07,0.2684931506849315,7.0,2.0,17.0,,,,15,CCH
405,2016-02-14,0.2876712328767123,7.0,2.0,17.0,,,,16,CCH
406,2016-02-21,0.30684931506849317,7.0,2.0,18.0,,,,17,CCH
407,2016-02-28,0.32602739726027397,7.0,2.0,18.0,,,,18,CCH
408,2016-03-06,0.3452054794520548,7.0,2.0,19.0,,,,19,CCH
410,2016-03-20,0.3835616438356164,7.0,2.0,20.0,,,,21,CCH
411,2016-03-27,0.40273972602739727,7.0,2.0,24.0,,,,22,CCH
412,2016-04-03,0.42191780821917807,7.0,2.0,29.0,,,,23,CCH
413,2016-04-10,0.4410958904109589,7.0,2.0,33.0,,,,24,CCH
414,2016-04-17,0.4602739726027397,7.0,2.0,38.0,,,,25,CCH
415,2016-04-24,0.4794520547945205,7.0,2.0,36.0,,,,26,CCH
416,2016-05-01,0.4986301369863014,7.0,3.0,33.0,,,,27,CCH
417,2016-05-08,0.5178082191780822,7.0,3.0,33.0,,,,28,CCH
418,2016-05-15,0.536986301369863,7.0,3.0,33.0,,,,29,CCH
419,2016-05-22,0.5561643835616439,7.0,3.0,32.0,,,,30,CCH
420,2016-05-29,0.5753424657534246,7.0,3.0,32.0,,,,31,CCH
421,2016-06-05,0.5945205479452055,7.0,3.0,32.0,,,,32,CCH
423,2016-06-19,0.6328767123287671,7.0,3.0,31.0,,,,34,CCH
424,2016-06-26,0.6520547945205479,7.0,3.0,31.0,,,,35,CCH
425,2016-07-03,0.6712328767123288,7.0,3.0,30.0,,,,36,CCH
426,2016-07-10,0.6904109589041096,7.0,3.0,30.0,,,,37,CCH
427,2016-07-17,0.7095890410958904,7.0,3.0,30.0,,,,38,CCH
428,2016-07-24,0.7287671232876712,7.0,3.0,29.0,,,,39,CCH
429,2016-07-31,0.7479452054794521,7.0,3.0,29.0,,,,40,CCH
430,2016-08-07,0.7671232876712328,7.0,4.0,29.0,,,,41,CCH
431,2016-08-14,0.7863013698630137,7.0,4.0,29.0,,,,42,CCH
432,2016-08-21,0.8054794520547945,7.0,4.0,29.0,,,,43,CCH
433,2016-08-28,0.8246575342465754,7.0,4.0,28.0,,,,44,CCH
434,2016-09-04,0.8438356164383561,7.0,4.0,28.0,,,,45,CCH
435,2016-09-11,0.863013698630137,7.0,4.0,28.0,,,,46,CCH
436,2016-09-18,0.8821917808219178,7.0,4.0,27.0,,,,47,CCH
437,2016-09-25,0.9013698630136986,7.0,4.0,27.0,,,,48,CCH
438,2016-10-02,0.9205479452054794,7.0,4.0,26.0,,,,49,CCH
439,2016-10-09,0.9397260273972603,7.0,4.0,26.0,,,,50,CCH
440,2016-10-16,0.958904109589041,7.0,4.0,26.0,,,,51,CCH
441,2016-10-23,0.9780821917808219,7.0,4.0,25.0,,,,52,CCH
442,2016-10-30,0.9972602739726028,7.0,4.0,23.0,,,,53,CCH
443,2016-11-06,0.01643835616438356,8.0,1.0,21.0,,,,2,CCH
444,2016-11-13,0.03561643835616438,8.0,1.0,19.0,,,,3,CCH
445,2016-11-20,0.0547945205479452,8.0,1.0,17.0,,,,4,CCH
450,2016-12-25,0.1506849315068493,8.0,1.0,6.0,,,,9,CCH
451,2017-01-01,0.16712328767123288,8.0,1.0,8.0,,,,10,CCH
452,2017-01-08,0.1863013698630137,8.0,1.0,10.0,,,,11,CCH
453,2017-01-15,0.2054794520547945,8.0,1.0,13.0,,,,12,CCH
454,2017-01-22,0.22465753424657534,8.0,1.0,15.0,,,,13,CCH
455,2017-01-29,0.24383561643835616,8.0,1.0,17.0,,,,14,CCH
456,2017-02-05,0.26301369863013696,8.0,2.0,20.0,,,,15,CCH
457,2017-02-12,0.2821917808219178,8.0,2.0,20.0,,,,16,CCH
458,2017-02-19,0.3013698630136986,8.0,2.0,20.0,,,,17,CCH
459,2017-02-26,0.32054794520547947,8.0,2.0,20.0,,,,18,CCH
460,2017-03-05,0.33972602739726027,8.0,2.0,22.0,,,,19,CCH
461,2017-03-12,0.3589041095890411,8.0,2.0,24.0,,,,20,CCH
462,2017-03-19,0.3780821917808219,8.0,2.0,26.0,,,,21,CCH
463,2017-03-26,0.3972602739726027,8.0,2.0,28.0,,,,22,CCH
464,2017-04-02,0.41643835616438357,8.0,2.0,30.0,,,,23,CCH
465,2017-04-09,0.43561643835616437,8.0,2.0,33.0,,,,24,CCH
466,2017-04-16,0.4547945205479452,8.0,2.0,35.0,,,,25,CCH
467,2017-04-23,0.473972602739726,8.0,2.0,35.0,,,,26,CCH
468,2017-04-30,0.4931506849315068,8.0,2.0,35.0,,,,27,CCH
469,2017-05-07,0.5123287671232877,8.0,3.0,35.0,,,,28,CCH
470,2017-05-14,0.5315068493150685,8.0,3.0,34.0,,,,29,CCH
471,2017-05-21,0.5506849315068493,8.0,3.0,34.0,,,,30,CCH
472,2017-05-28,0.5698630136986301,8.0,3.0,34.0,,,,31,CCH
473,2017-06-04,0.589041095890411,8.0,3.0,34.0,,,,32,CCH
474,2017-06-11,0.6082191780821918,8.0,3.0,34.0,,,,33,CCH
475,2017-06-18,0.6273972602739726,8.0,3.0,34.0,,,,34,CCH
476,2017-06-25,0.6465753424657534,8.0,3.0,34.0,,,,35,CCH
477,2017-07-02,0.6657534246575343,8.0,3.0,34.0,,,,36,CCH
478,2017-07-09,0.684931506849315,8.0,3.0,33.0,,,,37,CCH
479,2017-07-16,0.7041095890410959,8.0,3.0,33.0,,,,38,CCH
480,2017-07-23,0.7232876712328767,8.0,3.0,33.0,,,,39,CCH
481,2017-07-30,0.7424657534246575,8.0,3.0,33.0,,,,40,CCH
482,2017-08-06,0.7616438356164383,8.0,4.0,33.0,,,,41,CCH
483,2017-08-13,0.7808219178082192,8.0,4.0,33.0,,,,42,CCH
484,2017-08-20,0.8,8.0,4.0,32.0,,,,43,CCH
485,2017-08-27,0.8191780821917808,8.0,4.0,32.0,,,,44,CCH
487,2017-09-10,0.8575342465753425,8.0,4.0,32.0,,,,46,CCH
488,2017-09-17,0.8767123287671232,8.0,4.0,31.0,,,,47,CCH
489,2017-09-24,0.8958904109589041,8.0,4.0,30.0,,,,48,CCH
490,2017-10-01,0.915068493150685,8.0,4.0,28.0,,,,49,CCH
491,2017-10-08,0.9342465753424658,8.0,4.0,27.0,,,,50,CCH
492,2017-10-15,0.9534246575342465,8.0,4.0,26.0,,,,51,CCH
0,2008-05-11,0.5260273972602739,-1.0,3.0,34.0,26.0,7.0,,28,CGL
1,2008-05-18,0.5452054794520548,-1.0,3.0,40.0,26.0,12.0,,29,CGL
2,2008-05-25,0.5643835616438356,-1.0,3.0,45.0,26.0,16.0,,30,CGL
3,2008-06-01,0.5835616438356165,-1.0,3.0,50.0,25.0,20.0,,31,CGL
4,2008-06-08,0.6027397260273972,-1.0,3.0,56.0,25.0,25.0,6.0,32,CGL
5,2008-06-15,0.6219178082191781,-1.0,3.0,56.0,31.0,19.0,6.0,33,CGL
6,2008-06-22,0.6410958904109589,-1.0,3.0,53.0,37.0,14.0,6.0,34,CGL
7,2008-06-29,0.6602739726027397,-1.0,3.0,52.0,43.0,8.0,5.0,35,CGL
8,2008-07-06,0.6794520547945205,-1.0,3.0,51.0,49.0,2.0,5.0,36,CGL
9,2008-07-13,0.6986301369863014,-1.0,3.0,51.0,47.0,2.0,,37,CGL
10,2008-07-20,0.7178082191780822,-1.0,3.0,51.0,45.0,2.0,,38,CGL
11,2008-07-27,0.736986301369863,-1.0,3.0,51.0,43.0,2.0,,39,CGL
12,2008-08-03,0.7561643835616438,-1.0,4.0,49.0,42.0,2.0,,40,CGL
13,2008-08-10,0.7753424657534247,-1.0,4.0,47.0,,,,41,CGL
14,2008-08-17,0.7945205479452054,-1.0,4.0,45.0,,,,42,CGL
15,2008-08-24,0.8136986301369863,-1.0,4.0,43.0,,,,43,CGL
16,2008-08-31,0.8328767123287671,-1.0,4.0,41.0,,,,44,CGL
17,2008-09-07,0.852054794520548,-1.0,4.0,39.0,,,,45,CGL
18,2008-09-14,0.8712328767123287,-1.0,4.0,37.0,,,,46,CGL
19,2008-09-21,0.8904109589041096,-1.0,4.0,35.0,,,,47,CGL
20,2008-09-28,0.9095890410958904,-1.0,4.0,32.0,,,,48,CGL
21,2008-10-05,0.9287671232876712,-1.0,4.0,30.0,,,,49,CGL
22,2008-10-12,0.947945205479452,-1.0,4.0,27.0,,,,50,CGL
25,2008-11-02,0.005479452054794521,0.0,1.0,20.0,,,,1,CGL
26,2008-11-09,0.024657534246575342,0.0,1.0,17.0,,,,2,CGL
27,2008-11-16,0.043835616438356165,0.0,1.0,15.0,,,,3,CGL
28,2008-11-23,0.06301369863013699,0.0,1.0,12.0,12.0,0.0,0.0,4,CGL
29,2008-11-30,0.0821917808219178,0.0,1.0,32.0,26.0,0.0,8.0,5,CGL
30,2008-12-07,0.10136986301369863,0.0,1.0,33.0,27.0,1.0,8.0,6,CGL
31,2008-12-14,0.12054794520547946,0.0,1.0,35.0,28.0,1.0,8.0,7,CGL
32,2008-12-21,0.13972602739726028,0.0,1.0,37.0,28.0,2.0,8.0,8,CGL
33,2008-12-28,0.1589041095890411,0.0,1.0,38.0,29.0,,8.0,9,CGL
34,2009-01-04,0.17534246575342466,0.0,1.0,38.0,30.0,,8.0,10,CGL
35,2009-01-11,0.19452054794520549,0.0,1.0,38.0,28.0,,9.0,11,CGL
36,2009-01-18,0.2136986301369863,0.0,1.0,39.0,26.0,,10.0,12,CGL
37,2009-01-25,0.2328767123287671,0.0,1.0,39.0,24.0,,12.0,13,CGL
38,2009-02-01,0.25205479452054796,0.0,2.0,39.0,22.0,4.0,13.0,14,CGL
39,2009-02-08,0.27123287671232876,0.0,2.0,40.0,24.0,4.0,13.0,15,CGL
40,2009-02-15,0.29041095890410956,0.0,2.0,40.0,25.0,5.0,12.0,16,CGL
41,2009-02-22,0.3095890410958904,0.0,2.0,41.0,27.0,5.0,12.0,17,CGL
42,2009-03-01,0.3287671232876712,0.0,2.0,42.0,28.0,5.0,12.0,18,CGL
43,2009-03-08,0.34794520547945207,0.0,2.0,42.0,,,,19,CGL
44,2009-03-15,0.36712328767123287,0.0,2.0,43.0,,,,20,CGL
45,2009-03-22,0.3863013698630137,0.0,2.0,44.0,,,,21,CGL
46,2009-03-29,0.4054794520547945,0.0,2.0,44.0,,,,22,CGL
47,2009-04-05,0.4246575342465753,0.0,2.0,47.0,,,,23,CGL
48,2009-04-12,0.4438356164383562,0.0,2.0,50.0,,,,24,CGL
49,2009-04-19,0.46301369863013697,0.0,2.0,54.0,,,,25,CGL
50,2009-04-26,0.4821917808219178,0.0,2.0,57.0,,,,26,CGL
51,2009-05-03,0.5013698630136987,0.0,3.0,60.0,43.0,8.0,9.0,27,CGL
52,2009-05-10,0.5205479452054794,0.0,3.0,60.0,43.0,8.0,9.0,28,CGL
53,2009-05-17,0.5397260273972603,0.0,3.0,61.0,43.0,8.0,9.0,29,CGL
54,2009-05-24,0.5589041095890411,0.0,3.0,62.0,43.0,9.0,9.0,30,CGL
55,2009-05-31,0.5780821917808219,0.0,3.0,62.0,43.0,9.0,8.0,31,CGL
56,2009-06-07,0.5972602739726027,0.0,3.0,63.0,,,,32,CGL
57,2009-06-14,0.6164383561643836,0.0,3.0,64.0,,,,33,CGL
58,2009-06-21,0.6356164383561644,0.0,3.0,64.0,,,,34,CGL
59,2009-06-28,0.6547945205479452,0.0,3.0,64.0,,,,35,CGL
60,2009-07-05,0.673972602739726,0.0,3.0,65.0,,,,36,CGL
61,2009-07-12,0.6931506849315069,0.0,3.0,65.0,,,,37,CGL
62,2009-07-19,0.7123287671232876,0.0,3.0,66.0,,,,38,CGL
63,2009-07-26,0.7315068493150685,0.0,3.0,67.0,,,,39,CGL
64,2009-08-02,0.7506849315068493,0.0,4.0,68.0,,,,40,CGL
65,2009-08-09,0.7698630136986301,0.0,4.0,68.0,,,,41,CGL
66,2009-08-16,0.7890410958904109,0.0,4.0,67.0,,,,42,CGL
67,2009-08-23,0.8082191780821918,0.0,4.0,67.0,,,,43,CGL
68,2009-08-30,0.8273972602739726,0.0,4.0,66.0,,,,44,CGL
69,2009-09-06,0.8465753424657534,0.0,4.0,64.0,,,,45,CGL
70,2009-09-13,0.8657534246575342,0.0,4.0,64.0,,,,46,CGL
71,2009-09-20,0.8849315068493151,0.0,4.0,63.0,,,,47,CGL
72,2009-09-27,0.9041095890410958,0.0,4.0,62.0,,,,48,CGL
73,2009-10-04,0.9232876712328767,0.0,4.0,62.0,,,,49,CGL
74,2009-10-11,0.9424657534246575,0.0,4.0,62.0,,,,50,CGL
75,2009-10-18,0.9616438356164384,0.0,4.0,62.0,,,,51,CGL
76,2009-10-25,0.9808219178082191,0.0,4.0,11.0,,,,52,CGL
77,2009-11-01,0.0,1.0,1.0,19.0,,,,1,CGL
78,2009-11-08,0.019178082191780823,1.0,1.0,28.0,,,,2,CGL
79,2009-11-15,0.038356164383561646,1.0,1.0,36.0,,,,3,CGL
80,2009-11-22,0.057534246575342465,1.0,1.0,44.0,,,,4,CGL
81,2009-11-29,0.07671232876712329,1.0,1.0,46.0,,,,5,CGL
82,2009-12-06,0.0958904109589041,1.0,1.0,48.0,,,,6,CGL
83,2009-12-13,0.11506849315068493,1.0,1.0,49.0,,,,7,CGL
84,2009-12-20,0.13424657534246576,1.0,1.0,51.0,47.0,,4.0,8,CGL
85,2009-12-27,0.15342465753424658,1.0,1.0,51.0,46.0,,5.0,9,CGL
86,2010-01-03,0.1726027397260274,1.0,1.0,51.0,45.0,,6.0,10,CGL
87,2010-01-10,0.1917808219178082,1.0,1.0,51.0,44.0,,6.0,11,CGL
88,2010-01-17,0.21095890410958903,1.0,1.0,51.0,43.0,,7.0,12,CGL
89,2010-01-24,0.23013698630136986,1.0,1.0,51.0,,,,13,CGL
90,2010-01-31,0.2493150684931507,1.0,1.0,51.0,,,,14,CGL
91,2010-02-07,0.2684931506849315,1.0,2.0,51.0,,,,15,CGL
92,2010-02-14,0.2876712328767123,1.0,2.0,52.0,,,,16,CGL
93,2010-02-21,0.30684931506849317,1.0,2.0,52.0,,,,17,CGL
94,2010-02-28,0.32602739726027397,1.0,2.0,52.0,,,,18,CGL
95,2010-03-07,0.3452054794520548,1.0,2.0,52.0,,,,19,CGL
96,2010-03-14,0.3643835616438356,1.0,2.0,52.0,,,,20,CGL
97,2010-03-21,0.3835616438356164,1.0,2.0,52.0,34.0,18.0,,21,CGL
98,2010-03-28,0.40273972602739727,1.0,2.0,57.0,33.0,10.0,15.0,22,CGL
99,2010-04-04,0.42191780821917807,1.0,2.0,57.0,32.0,12.0,15.0,23,CGL
100,2010-04-11,0.4410958904109589,1.0,2.0,56.0,32.0,15.0,15.0,24,CGL
101,2010-04-18,0.4602739726027397,1.0,2.0,56.0,32.0,18.0,15.0,25,CGL
102,2010-04-25,0.4794520547945205,1.0,2.0,54.0,31.0,20.0,15.0,26,CGL
103,2010-05-02,0.4986301369863014,1.0,3.0,52.0,31.0,20.0,,27,CGL
104,2010-05-09,0.5178082191780822,1.0,3.0,52.0,31.0,20.0,,28,CGL
105,2010-05-16,0.536986301369863,1.0,3.0,52.0,31.0,20.0,,29,CGL
106,2010-05-23,0.5561643835616439,1.0,3.0,52.0,31.0,20.0,,30,CGL
107,2010-05-30,0.5753424657534246,1.0,3.0,52.0,,,,31,CGL
108,2010-06-06,0.5945205479452055,1.0,3.0,52.0,,,,32,CGL
109,2010-06-13,0.6136986301369863,1.0,3.0,52.0,,,,33,CGL
110,2010-06-20,0.6328767123287671,1.0,3.0,52.0,,,,34,CGL
111,2010-06-27,0.6520547945205479,1.0,3.0,52.0,,,,35,CGL
112,2010-07-04,0.6712328767123288,1.0,3.0,52.0,,,,36,CGL
113,2010-07-11,0.6904109589041096,1.0,3.0,52.0,,,,37,CGL
114,2010-07-18,0.7095890410958904,1.0,3.0,52.0,,,,38,CGL
119,2010-08-22,0.8054794520547945,1.0,4.0,51.0,,,,43,CGL
120,2010-08-29,0.8246575342465754,1.0,4.0,51.0,,,,44,CGL
121,2010-09-05,0.8438356164383561,1.0,4.0,50.0,,,,45,CGL
122,2010-09-12,0.863013698630137,1.0,4.0,49.0,,,,46,CGL
123,2010-09-19,0.8821917808219178,1.0,4.0,45.0,,,,47,CGL
124,2010-09-26,0.9013698630136986,1.0,4.0,42.0,,,,48,CGL
125,2010-10-03,0.9205479452054794,1.0,4.0,39.0,,,,49,CGL
126,2010-10-10,0.9397260273972603,1.0,4.0,35.0,,,,50,CGL
127,2010-10-17,0.958904109589041,1.0,4.0,32.0,,,,51,CGL
128,2010-10-24,0.9780821917808219,1.0,4.0,29.0,29.0,,,52,CGL
129,2010-10-31,0.9972602739726028,1.0,4.0,29.0,29.0,,,53,CGL
130,2010-11-07,0.01643835616438356,2.0,1.0,29.0,29.0,,,2,CGL
131,2010-11-14,0.03561643835616438,2.0,1.0,29.0,29.0,,,3,CGL
132,2010-11-21,0.0547945205479452,2.0,1.0,29.0,29.0,,,4,CGL
205,2012-04-15,0.4547945205479452,3.0,2.0,30.0,,,,25,CGL
206,2012-04-22,0.473972602739726,3.0,2.0,33.0,,,,26,CGL
207,2012-04-29,0.4931506849315068,3.0,2.0,37.0,,,,27,CGL
208,2012-05-06,0.5123287671232877,3.0,3.0,40.0,,,,28,CGL
209,2012-05-13,0.5315068493150685,3.0,3.0,40.0,,,,29,CGL
210,2012-05-20,0.5506849315068493,3.0,3.0,39.0,,,,30,CGL
211,2012-05-27,0.5698630136986301,3.0,3.0,38.0,,,,31,CGL
212,2012-06-03,0.589041095890411,3.0,3.0,38.0,,,,32,CGL
214,2012-06-17,0.6273972602739726,3.0,3.0,37.0,,,,34,CGL
215,2012-06-24,0.6465753424657534,3.0,3.0,37.0,,,,35,CGL
216,2012-07-01,0.6657534246575343,3.0,3.0,37.0,,,,36,CGL
217,2012-07-08,0.684931506849315,3.0,3.0,37.0,,,,37,CGL
218,2012-07-15,0.7041095890410959,3.0,3.0,37.0,,,,38,CGL
219,2012-07-22,0.7232876712328767,3.0,3.0,36.0,,,,39,CGL
220,2012-07-29,0.7424657534246575,3.0,3.0,36.0,,,,40,CGL
221,2012-08-05,0.7616438356164383,3.0,4.0,36.0,,,,41,CGL
222,2012-08-12,0.7808219178082192,3.0,4.0,36.0,,,,42,CGL
223,2012-08-19,0.8,3.0,4.0,36.0,,,,43,CGL
224,2012-08-26,0.8191780821917808,3.0,4.0,36.0,,,,44,CGL
225,2012-09-02,0.8383561643835616,3.0,4.0,36.0,,,,45,CGL
226,2012-09-09,0.8575342465753425,3.0,4.0,36.0,,,,46,CGL
227,2012-09-16,0.8767123287671232,3.0,4.0,36.0,,,,47,CGL
228,2012-09-23,0.8958904109589041,3.0,4.0,36.0,,,,48,CGL
229,2012-09-30,0.915068493150685,3.0,4.0,36.0,,,,49,CGL
230,2012-10-07,0.9342465753424658,3.0,4.0,35.0,,,,50,CGL
231,2012-10-14,0.9534246575342465,3.0,4.0,35.0,,,,51,CGL
232,2012-10-21,0.9726027397260274,3.0,4.0,35.0,,,,52,CGL
233,2012-10-28,0.9917808219178083,3.0,4.0,32.0,,,,53,CGL
234,2012-11-04,0.010958904109589041,4.0,1.0,30.0,,,,1,CGL
235,2012-11-11,0.030136986301369864,4.0,1.0,27.0,,,,2,CGL
236,2012-11-18,0.049315068493150684,4.0,1.0,25.0,,,,3,CGL
237,2012-11-25,0.0684931506849315,4.0,1.0,22.0,,,,4,CGL
238,2012-12-02,0.08767123287671233,4.0,1.0,22.0,,,,5,CGL
239,2012-12-09,0.10684931506849316,4.0,1.0,22.0,,,,6,CGL
240,2012-12-16,0.12602739726027398,4.0,1.0,23.0,,,,7,CGL
241,2012-12-23,0.14520547945205478,4.0,1.0,23.0,,,,8,CGL
242,2012-12-30,0.1643835616438356,4.0,1.0,24.0,,,,9,CGL
278,2013-09-08,0.852054794520548,4.0,4.0,37.0,,,,45,CGL
279,2013-09-15,0.8712328767123287,4.0,4.0,37.0,,,,46,CGL
280,2013-09-22,0.8904109589041096,4.0,4.0,37.0,,,,47,CGL
281,2013-09-29,0.9095890410958904,4.0,4.0,36.0,,,,48,CGL
282,2013-10-06,0.9287671232876712,4.0,4.0,34.0,,,,49,CGL
283,2013-10-13,0.947945205479452,4.0,4.0,33.0,,,,50,CGL
284,2013-10-20,0.9671232876712329,4.0,4.0,30.0,,,,51,CGL
285,2013-10-27,0.9863013698630136,4.0,4.0,25.0,,,,52,CGL
286,2013-11-03,0.005479452054794521,5.0,1.0,20.0,,,,1,CGL
287,2013-11-10,0.024657534246575342,5.0,1.0,20.0,,,,2,CGL
288,2013-11-17,0.043835616438356165,5.0,1.0,20.0,,,,3,CGL
289,2013-11-24,0.06301369863013699,5.0,1.0,20.0,,,,4,CGL
290,2013-12-01,0.0821917808219178,5.0,1.0,29.0,,,,5,CGL
291,2013-12-08,0.10136986301369863,5.0,1.0,38.0,,,,6,CGL
292,2013-12-15,0.12054794520547946,5.0,1.0,37.0,,,,7,CGL
293,2013-12-22,0.13972602739726028,5.0,1.0,36.0,,,,8,CGL
294,2013-12-29,0.1589041095890411,5.0,1.0,34.0,,,,9,CGL
295,2014-01-05,0.1780821917808219,5.0,1.0,33.0,,,,10,CGL
296,2014-01-12,0.19726027397260273,5.0,1.0,32.0,,,,11,CGL
297,2014-01-19,0.21643835616438356,5.0,1.0,31.0,,,,12,CGL
298,2014-01-26,0.2356164383561644,5.0,1.0,30.0,,,,13,CGL
299,2014-02-02,0.2547945205479452,5.0,2.0,29.0,,,,14,CGL
300,2014-02-09,0.273972602739726,5.0,2.0,29.0,,,,15,CGL
301,2014-02-16,0.29315068493150687,5.0,2.0,29.0,,,,16,CGL
302,2014-02-23,0.31232876712328766,5.0,2.0,29.0,,,,17,CGL
303,2014-03-02,0.3315068493150685,5.0,2.0,29.0,,,,18,CGL
304,2014-03-09,0.3506849315068493,5.0,2.0,29.0,,,,19,CGL
305,2014-03-16,0.3698630136986301,5.0,2.0,29.0,,,,20,CGL
306,2014-03-23,0.38904109589041097,5.0,2.0,29.0,,,,21,CGL
307,2014-03-30,0.40821917808219177,5.0,2.0,29.0,,,,22,CGL
461,2017-03-12,0.3589041095890411,8.0,2.0,16.0,,,,20,CGL
462,2017-03-19,0.3780821917808219,8.0,2.0,18.0,,,,21,CGL
463,2017-03-26,0.3972602739726027,8.0,2.0,19.0,,,,22,CGL
464,2017-04-02,0.41643835616438357,8.0,2.0,21.0,,,,23,CGL
465,2017-04-09,0.43561643835616437,8.0,2.0,22.0,,,,24,CGL
466,2017-04-16,0.4547945205479452,8.0,2.0,23.0,,,,25,CGL
467,2017-04-23,0.473972602739726,8.0,2.0,24.0,,,,26,CGL
468,2017-04-30,0.4931506849315068,8.0,2.0,24.0,,,,27,CGL
469,2017-05-07,0.5123287671232877,8.0,3.0,25.0,,,,28,CGL
471,2017-05-21,0.5506849315068493,8.0,3.0,27.0,,,,30,CGL
472,2017-05-28,0.5698630136986301,8.0,3.0,27.0,,,,31,CGL
473,2017-06-04,0.589041095890411,8.0,3.0,26.0,,,,32,CGL
474,2017-06-11,0.6082191780821918,8.0,3.0,26.0,,,,33,CGL
475,2017-06-18,0.6273972602739726,8.0,3.0,25.0,,,,34,CGL
476,2017-06-25,0.6465753424657534,8.0,3.0,24.0,,,,35,CGL
477,2017-07-02,0.6657534246575343,8.0,3.0,24.0,,,,36,CGL
478,2017-07-09,0.684931506849315,8.0,3.0,23.0,,,,37,CGL
479,2017-07-16,0.7041095890410959,8.0,3.0,22.0,,,,38,CGL
480,2017-07-23,0.7232876712328767,8.0,3.0,22.0,,,,39,CGL
481,2017-07-30,0.7424657534246575,8.0,3.0,21.0,,,,40,CGL
482,2017-08-06,0.7616438356164383,8.0,4.0,21.0,,,,41,CGL
483,2017-08-13,0.7808219178082192,8.0,4.0,20.0,,,,42,CGL
484,2017-08-20,0.8,8.0,4.0,20.0,,,,43,CGL
485,2017-08-27,0.8191780821917808,8.0,4.0,19.0,,,,44,CGL
486,2017-09-03,0.8383561643835616,8.0,4.0,19.0,,,,45,CGL
487,2017-09-10,0.8575342465753425,8.0,4.0,18.0,,,,46,CGL
488,2017-09-17,0.8767123287671232,8.0,4.0,18.0,,,,47,CGL
489,2017-09-24,0.8958904109589041,8.0,4.0,17.0,,,,48,CGL
490,2017-10-01,0.915068493150685,8.0,4.0,16.0,,,,49,CGL
492,2017-10-15,0.9534246575342465,8.0,4.0,15.0,,,,51,CGL
493,2017-10-22,0.9726027397260274,8.0,4.0,10.0,,,,52,CGL
0,2008-11-09,0.024657534246575342,0.0,1.0,16.0,,,,2,CSL
1,2008-11-16,0.043835616438356165,0.0,1.0,19.0,,,,3,CSL
2,2008-11-23,0.06301369863013699,0.0,1.0,20.0,,,,4,CSL
3,2008-11-30,0.0821917808219178,0.0,1.0,21.0,16.0,,5.0,5,CSL
4,2008-12-07,0.10136986301369863,0.0,1.0,22.0,16.0,,6.0,6,CSL
5,2008-12-14,0.12054794520547946,0.0,1.0,25.0,16.0,,8.0,7,CSL
6,2008-12-21,0.13972602739726028,0.0,1.0,25.0,16.0,,9.0,8,CSL
7,2008-12-28,0.1589041095890411,0.0,1.0,26.0,16.0,,9.0,9,CSL
8,2009-01-04,0.17534246575342466,0.0,1.0,27.0,16.0,,9.0,10,CSL
9,2009-01-11,0.19452054794520549,0.0,1.0,28.0,16.0,,9.0,11,CSL
10,2009-01-18,0.2136986301369863,0.0,1.0,29.0,16.0,,9.0,12,CSL
11,2009-01-25,0.2328767123287671,0.0,1.0,33.0,,,,13,CSL
12,2009-02-01,0.25205479452054796,0.0,2.0,45.0,,,,14,CSL
13,2009-02-08,0.27123287671232876,0.0,2.0,50.0,,,,15,CSL
14,2009-02-15,0.29041095890410956,0.0,2.0,50.0,,,,16,CSL
15,2009-02-22,0.3095890410958904,0.0,2.0,50.0,,,,17,CSL
16,2009-03-01,0.3287671232876712,0.0,2.0,50.0,,,,18,CSL
17,2009-03-08,0.34794520547945207,0.0,2.0,50.0,,,,19,CSL
18,2009-03-15,0.36712328767123287,0.0,2.0,50.0,,,,20,CSL
19,2009-03-22,0.3863013698630137,0.0,2.0,50.0,,,,21,CSL
20,2009-03-29,0.4054794520547945,0.0,2.0,50.0,,,,22,CSL
21,2009-04-05,0.4246575342465753,0.0,2.0,50.0,,,,23,CSL
22,2009-04-12,0.4438356164383562,0.0,2.0,50.0,,,,24,CSL
23,2009-04-19,0.46301369863013697,0.0,2.0,50.0,,,,25,CSL
24,2009-04-26,0.4821917808219178,0.0,2.0,50.0,,,,26,CSL
25,2009-05-03,0.5013698630136987,0.0,3.0,50.0,,,,27,CSL
26,2009-05-10,0.5205479452054794,0.0,3.0,50.0,,,,28,CSL
27,2009-05-17,0.5397260273972603,0.0,3.0,50.0,,,,29,CSL
28,2009-05-24,0.5589041095890411,0.0,3.0,50.0,,,,30,CSL
29,2009-05-31,0.5780821917808219,0.0,3.0,48.0,,,,31,CSL
30,2009-06-07,0.5972602739726027,0.0,3.0,41.0,,,,32,CSL
31,2009-06-14,0.6164383561643836,0.0,3.0,33.0,,,,33,CSL
32,2009-06-21,0.6356164383561644,0.0,3.0,32.0,,,,34,CSL
33,2009-06-28,0.6547945205479452,0.0,3.0,32.0,,,,35,CSL
34,2009-07-05,0.673972602739726,0.0,3.0,32.0,,,,36,CSL
35,2009-07-12,0.6931506849315069,0.0,3.0,31.0,,,,37,CSL
36,2009-07-19,0.7123287671232876,0.0,3.0,31.0,,,,38,CSL
37,2009-07-26,0.7315068493150685,0.0,3.0,28.0,,,,39,CSL
38,2009-08-02,0.7506849315068493,0.0,4.0,28.0,,,,40,CSL
39,2009-08-09,0.7698630136986301,0.0,4.0,28.0,,,,41,CSL
40,2009-08-16,0.7890410958904109,0.0,4.0,27.0,,,,42,CSL
41,2009-08-23,0.8082191780821918,0.0,4.0,27.0,,,,43,CSL
42,2009-08-30,0.8273972602739726,0.0,4.0,27.0,,,,44,CSL
43,2009-09-06,0.8465753424657534,0.0,4.0,27.0,,,,45,CSL
44,2009-09-13,0.8657534246575342,0.0,4.0,27.0,,,,46,CSL
45,2009-09-20,0.8849315068493151,0.0,4.0,27.0,,,,47,CSL
46,2009-09-27,0.9041095890410958,0.0,4.0,27.0,,,,48,CSL
47,2009-10-04,0.9232876712328767,0.0,4.0,26.0,,,,49,CSL
48,2009-10-11,0.9424657534246575,0.0,4.0,25.0,,,,50,CSL
49,2009-10-18,0.9616438356164384,0.0,4.0,22.0,,,,51,CSL
50,2009-10-25,0.9808219178082191,0.0,4.0,22.0,,,,52,CSL
51,2009-11-01,0.0,1.0,1.0,14.0,,,,1,CSL
52,2009-11-08,0.019178082191780823,1.0,1.0,17.0,,,,2,CSL
53,2009-11-15,0.038356164383561646,1.0,1.0,21.0,,,,3,CSL
54,2009-11-22,0.057534246575342465,1.0,1.0,22.0,,,,4,CSL
55,2009-11-29,0.07671232876712329,1.0,1.0,22.0,,,,5,CSL
56,2009-12-06,0.0958904109589041,1.0,1.0,23.0,,,,6,CSL
57,2009-12-13,0.11506849315068493,1.0,1.0,24.0,,,,7,CSL
58,2009-12-20,0.13424657534246576,1.0,1.0,30.0,14.0,,10.0,8,CSL
59,2009-12-27,0.15342465753424658,1.0,1.0,49.0,14.0,,10.0,9,CSL
60,2010-01-03,0.1726027397260274,1.0,1.0,50.0,14.0,,10.0,10,CSL
61,2010-01-10,0.1917808219178082,1.0,1.0,50.0,14.0,,10.0,11,CSL
62,2010-01-17,0.21095890410958903,1.0,1.0,50.0,14.0,,10.0,12,CSL
63,2010-01-24,0.23013698630136986,1.0,1.0,51.0,,,,13,CSL
64,2010-01-31,0.2493150684931507,1.0,1.0,51.0,,,,14,CSL
65,2010-02-07,0.2684931506849315,1.0,2.0,51.0,,,,15,CSL
66,2010-02-14,0.2876712328767123,1.0,2.0,51.0,,,,16,CSL
67,2010-02-21,0.30684931506849317,1.0,2.0,51.0,,,,17,CSL
68,2010-02-28,0.32602739726027397,1.0,2.0,51.0,,,,18,CSL
69,2010-03-07,0.3452054794520548,1.0,2.0,51.0,,,,19,CSL
70,2010-03-14,0.3643835616438356,1.0,2.0,52.0,,,,20,CSL
71,2010-03-21,0.3835616438356164,1.0,2.0,52.0,,,,21,CSL
72,2010-03-28,0.40273972602739727,1.0,2.0,52.0,,,,22,CSL
73,2010-04-04,0.42191780821917807,1.0,2.0,52.0,,,,23,CSL
74,2010-04-11,0.4410958904109589,1.0,2.0,52.0,,,,24,CSL
75,2010-04-18,0.4602739726027397,1.0,2.0,52.0,,,,25,CSL
76,2010-04-25,0.4794520547945205,1.0,2.0,53.0,,,,26,CSL
77,2010-05-02,0.4986301369863014,1.0,3.0,53.0,,,,27,CSL
78,2010-05-09,0.5178082191780822,1.0,3.0,53.0,,,,28,CSL
79,2010-05-16,0.536986301369863,1.0,3.0,53.0,,,,29,CSL
80,2010-05-23,0.5561643835616439,1.0,3.0,54.0,,,,30,CSL
81,2010-05-30,0.5753424657534246,1.0,3.0,54.0,,,,31,CSL
82,2010-06-06,0.5945205479452055,1.0,3.0,54.0,,,,32,CSL
83,2010-06-13,0.6136986301369863,1.0,3.0,55.0,,,,33,CSL
84,2010-06-20,0.6328767123287671,1.0,3.0,55.0,,,,34,CSL
85,2010-06-27,0.6520547945205479,1.0,3.0,55.0,,,,35,CSL
86,2010-07-04,0.6712328767123288,1.0,3.0,56.0,,,,36,CSL
87,2010-07-11,0.6904109589041096,1.0,3.0,56.0,,,,37,CSL
88,2010-07-18,0.7095890410958904,1.0,3.0,56.0,,,,38,CSL
89,2010-07-25,0.7287671232876712,1.0,3.0,57.0,,,,39,CSL
90,2010-08-01,0.7479452054794521,1.0,4.0,57.0,,,,40,CSL
91,2010-08-08,0.7671232876712328,1.0,4.0,58.0,,,,41,CSL
92,2010-08-15,0.7863013698630137,1.0,4.0,58.0,,,,42,CSL
93,2010-08-22,0.8054794520547945,1.0,4.0,54.0,,,,43,CSL
94,2010-08-29,0.8246575342465754,1.0,4.0,47.0,,,,44,CSL
95,2010-09-05,0.8438356164383561,1.0,4.0,40.0,,,,45,CSL
96,2010-09-12,0.863013698630137,1.0,4.0,37.0,,,,46,CSL
97,2010-09-19,0.8821917808219178,1.0,4.0,30.0,,,,47,CSL
98,2010-09-26,0.9013698630136986,1.0,4.0,25.0,,,,48,CSL
99,2010-10-03,0.9205479452054794,1.0,4.0,20.0,,,,49,CSL
100,2010-10-10,0.9397260273972603,1.0,4.0,15.0,,,,50,CSL
101,2010-10-17,0.958904109589041,1.0,4.0,10.0,,,,51,CSL
102,2010-10-24,0.9780821917808219,1.0,4.0,10.0,,,,52,CSL
103,2010-10-31,0.9972602739726028,1.0,4.0,10.0,,,,53,CSL
104,2010-11-07,0.01643835616438356,2.0,1.0,10.0,,,,2,CSL
105,2010-11-14,0.03561643835616438,2.0,1.0,10.0,,,,3,CSL
161,2011-12-11,0.1095890410958904,3.0,1.0,17.0,,,,7,CSL
162,2011-12-18,0.12876712328767123,3.0,1.0,18.0,,,,8,CSL
163,2011-12-25,0.14794520547945206,3.0,1.0,18.0,,,,9,CSL
164,2012-01-01,0.16712328767123288,3.0,1.0,19.0,,,,10,CSL
165,2012-01-08,0.1863013698630137,3.0,1.0,20.0,,,,11,CSL
166,2012-01-15,0.2054794520547945,3.0,1.0,24.0,,,,12,CSL
167,2012-01-22,0.22465753424657534,3.0,1.0,29.0,,,,13,CSL
168,2012-01-29,0.24383561643835616,3.0,1.0,29.0,,,,14,CSL
169,2012-02-05,0.26301369863013696,3.0,2.0,30.0,,,,15,CSL
170,2012-02-12,0.2821917808219178,3.0,2.0,30.0,,,,16,CSL
171,2012-02-19,0.3013698630136986,3.0,2.0,30.0,,,,17,CSL
172,2012-02-26,0.32054794520547947,3.0,2.0,30.0,,,,18,CSL
173,2012-03-04,0.33972602739726027,3.0,2.0,34.0,,,,19,CSL
174,2012-03-11,0.3589041095890411,3.0,2.0,37.0,,,,20,CSL
175,2012-03-18,0.3780821917808219,3.0,2.0,40.0,,,,21,CSL
176,2012-03-25,0.3972602739726027,3.0,2.0,44.0,,,,22,CSL
177,2012-04-01,0.41643835616438357,3.0,2.0,44.0,,,,23,CSL
178,2012-04-08,0.43561643835616437,3.0,2.0,44.0,,,,24,CSL
179,2012-04-15,0.4547945205479452,3.0,2.0,43.0,,,,25,CSL
180,2012-04-22,0.473972602739726,3.0,2.0,42.0,,,,26,CSL
181,2012-04-29,0.4931506849315068,3.0,2.0,42.0,,,,27,CSL
182,2012-05-06,0.5123287671232877,3.0,3.0,41.0,,,,28,CSL
183,2012-05-13,0.5315068493150685,3.0,3.0,41.0,,,,29,CSL
184,2012-05-20,0.5506849315068493,3.0,3.0,41.0,,,,30,CSL
185,2012-05-27,0.5698630136986301,3.0,3.0,41.0,,,,31,CSL
186,2012-06-03,0.589041095890411,3.0,3.0,41.0,,,,32,CSL
187,2012-06-10,0.6082191780821918,3.0,3.0,41.0,,,,33,CSL
188,2012-06-17,0.6273972602739726,3.0,3.0,41.0,,,,34,CSL
189,2012-06-24,0.6465753424657534,3.0,3.0,40.0,,,,35,CSL
190,2012-07-01,0.6657534246575343,3.0,3.0,40.0,,,,36,CSL
191,2012-07-08,0.684931506849315,3.0,3.0,39.0,,,,37,CSL
192,2012-07-15,0.7041095890410959,3.0,3.0,39.0,,,,38,CSL
193,2012-07-22,0.7232876712328767,3.0,3.0,38.0,,,,39,CSL
194,2012-07-29,0.7424657534246575,3.0,3.0,38.0,,,,40,CSL
195,2012-08-05,0.7616438356164383,3.0,4.0,38.0,,,,41,CSL
196,2012-08-12,0.7808219178082192,3.0,4.0,38.0,,,,42,CSL
197,2012-08-19,0.8,3.0,4.0,38.0,,,,43,CSL
198,2012-08-26,0.8191780821917808,3.0,4.0,37.0,,,,44,CSL
199,2012-09-02,0.8383561643835616,3.0,4.0,37.0,,,,45,CSL
200,2012-09-09,0.8575342465753425,3.0,4.0,37.0,,,,46,CSL
201,2012-09-16,0.8767123287671232,3.0,4.0,37.0,,,,47,CSL
202,2012-09-23,0.8958904109589041,3.0,4.0,36.0,,,,48,CSL
203,2012-09-30,0.915068493150685,3.0,4.0,36.0,,,,49,CSL
204,2012-10-07,0.9342465753424658,3.0,4.0,35.0,,,,50,CSL
205,2012-10-14,0.9534246575342465,3.0,4.0,35.0,,,,51,CSL
206,2012-10-21,0.9726027397260274,3.0,4.0,32.0,,,,52,CSL
207,2012-10-28,0.9917808219178083,3.0,4.0,30.0,,,,53,CSL
208,2012-11-04,0.010958904109589041,4.0,1.0,32.0,,,,1,CSL
209,2012-11-11,0.030136986301369864,4.0,1.0,33.0,,,,2,CSL
210,2012-11-18,0.049315068493150684,4.0,1.0,33.0,,,,3,CSL
211,2012-11-25,0.0684931506849315,4.0,1.0,34.0,,,,4,CSL
212,2012-12-02,0.08767123287671233,4.0,1.0,35.0,,,,5,CSL
213,2012-12-09,0.10684931506849316,4.0,1.0,35.0,,,,6,CSL
214,2012-12-16,0.12602739726027398,4.0,1.0,35.0,,,,7,CSL
215,2012-12-23,0.14520547945205478,4.0,1.0,35.0,,,,8,CSL
216,2012-12-30,0.1643835616438356,4.0,1.0,35.0,,,,9,CSL
217,2013-01-06,0.18082191780821918,4.0,1.0,35.0,,,,10,CSL
218,2013-01-13,0.2,4.0,1.0,35.0,,,,11,CSL
219,2013-01-20,0.2191780821917808,4.0,1.0,35.0,,,,12,CSL
220,2013-01-27,0.23835616438356164,4.0,1.0,38.0,,,,13,CSL
221,2013-02-03,0.25753424657534246,4.0,2.0,42.0,,,,14,CSL
222,2013-02-10,0.27671232876712326,4.0,2.0,46.0,,,,15,CSL
223,2013-02-17,0.2958904109589041,4.0,2.0,51.0,,,,16,CSL
224,2013-02-24,0.3150684931506849,4.0,2.0,56.0,,,,17,CSL
225,2013-03-03,0.33424657534246577,4.0,2.0,61.0,,,,18,CSL
226,2013-03-10,0.35342465753424657,4.0,2.0,67.0,,,,19,CSL
227,2013-03-17,0.3726027397260274,4.0,2.0,67.0,,,,20,CSL
228,2013-03-24,0.3917808219178082,4.0,2.0,66.0,,,,21,CSL
229,2013-03-31,0.410958904109589,4.0,2.0,66.0,,,,22,CSL
230,2013-04-07,0.4301369863013699,4.0,2.0,66.0,,,,23,CSL
231,2013-04-14,0.44931506849315067,4.0,2.0,65.0,,,,24,CSL
232,2013-04-21,0.4684931506849315,4.0,2.0,65.0,,,,25,CSL
233,2013-04-28,0.4876712328767123,4.0,2.0,64.0,,,,26,CSL
234,2013-05-05,0.5068493150684932,4.0,3.0,64.0,,,,27,CSL
235,2013-05-12,0.5260273972602739,4.0,3.0,63.0,,,,28,CSL
236,2013-05-19,0.5452054794520548,4.0,3.0,63.0,,,,29,CSL
237,2013-05-26,0.5643835616438356,4.0,3.0,62.0,,,,30,CSL
238,2013-06-02,0.5835616438356165,4.0,3.0,62.0,,,,31,CSL
239,2013-06-09,0.6027397260273972,4.0,3.0,62.0,,,,32,CSL
240,2013-06-16,0.6219178082191781,4.0,3.0,61.0,,,,33,CSL
241,2013-06-23,0.6410958904109589,4.0,3.0,60.0,,,,34,CSL
242,2013-06-30,0.6602739726027397,4.0,3.0,60.0,,,,35,CSL
243,2013-07-07,0.6794520547945205,4.0,3.0,59.0,,,,36,CSL
244,2013-07-14,0.6986301369863014,4.0,3.0,58.0,,,,37,CSL
246,2013-07-28,0.736986301369863,4.0,3.0,56.0,,,,39,CSL
247,2013-08-04,0.7561643835616438,4.0,4.0,55.0,,,,40,CSL
248,2013-08-11,0.7753424657534247,4.0,4.0,54.0,,,,41,CSL
249,2013-08-18,0.7945205479452054,4.0,4.0,52.0,,,,42,CSL
250,2013-08-25,0.8136986301369863,4.0,4.0,51.0,,,,43,CSL
252,2013-09-08,0.852054794520548,4.0,4.0,48.0,,,,45,CSL
253,2013-09-15,0.8712328767123287,4.0,4.0,46.0,,,,46,CSL
254,2013-09-22,0.8904109589041096,4.0,4.0,45.0,,,,47,CSL
255,2013-09-29,0.9095890410958904,4.0,4.0,45.0,,,,48,CSL
256,2013-10-06,0.9287671232876712,4.0,4.0,45.0,,,,49,CSL
257,2013-10-13,0.947945205479452,4.0,4.0,45.0,,,,50,CSL
258,2013-10-20,0.9671232876712329,4.0,4.0,41.0,,,,51,CSL
259,2013-10-27,0.9863013698630136,4.0,4.0,22.0,,,,52,CSL
260,2013-11-03,0.005479452054794521,5.0,1.0,18.0,,,,1,CSL
261,2013-11-10,0.024657534246575342,5.0,1.0,18.0,,,,2,CSL
262,2013-11-17,0.043835616438356165,5.0,1.0,18.0,,,,3,CSL
263,2013-11-24,0.06301369863013699,5.0,1.0,18.0,,,,4,CSL
264,2013-12-01,0.0821917808219178,5.0,1.0,18.0,,,,5,CSL
374,2016-01-10,0.1917808219178082,7.0,1.0,9.0,,,,11,CSL
375,2016-01-17,0.21095890410958903,7.0,1.0,14.0,,,,12,CSL
376,2016-01-24,0.23013698630136986,7.0,1.0,21.0,,,,13,CSL
377,2016-01-31,0.2493150684931507,7.0,1.0,24.0,,,,14,CSL
378,2016-02-07,0.2684931506849315,7.0,2.0,28.0,,,,15,CSL
379,2016-02-14,0.2876712328767123,7.0,2.0,31.0,,,,16,CSL
380,2016-02-21,0.30684931506849317,7.0,2.0,31.0,,,,17,CSL
381,2016-02-28,0.32602739726027397,7.0,2.0,31.0,,,,18,CSL
382,2016-03-06,0.3452054794520548,7.0,2.0,31.0,,,,19,CSL
383,2016-03-13,0.3643835616438356,7.0,2.0,31.0,,,,20,CSL
384,2016-03-20,0.3835616438356164,7.0,2.0,31.0,,,,21,CSL
385,2016-03-27,0.40273972602739727,7.0,2.0,31.0,,,,22,CSL
386,2016-04-03,0.42191780821917807,7.0,2.0,31.0,,,,23,CSL
387,2016-04-10,0.4410958904109589,7.0,2.0,31.0,,,,24,CSL
388,2016-04-17,0.4602739726027397,7.0,2.0,31.0,,,,25,CSL
389,2016-04-24,0.4794520547945205,7.0,2.0,31.0,,,,26,CSL
390,2016-05-01,0.4986301369863014,7.0,3.0,31.0,,,,27,CSL
391,2016-05-08,0.5178082191780822,7.0,3.0,31.0,,,,28,CSL
392,2016-05-15,0.536986301369863,7.0,3.0,31.0,,,,29,CSL
393,2016-05-22,0.5561643835616439,7.0,3.0,31.0,,,,30,CSL
394,2016-05-29,0.5753424657534246,7.0,3.0,31.0,,,,31,CSL
395,2016-06-05,0.5945205479452055,7.0,3.0,31.0,,,,32,CSL
396,2016-06-12,0.6136986301369863,7.0,3.0,31.0,,,,33,CSL
397,2016-06-19,0.6328767123287671,7.0,3.0,31.0,,,,34,CSL
398,2016-06-26,0.6520547945205479,7.0,3.0,31.0,,,,35,CSL
399,2016-07-03,0.6712328767123288,7.0,3.0,31.0,,,,36,CSL
400,2016-07-10,0.6904109589041096,7.0,3.0,31.0,,,,37,CSL
401,2016-07-17,0.7095890410958904,7.0,3.0,31.0,,,,38,CSL
402,2016-07-24,0.7287671232876712,7.0,3.0,31.0,,,,39,CSL
403,2016-07-31,0.7479452054794521,7.0,3.0,32.0,,,,40,CSL
404,2016-08-07,0.7671232876712328,7.0,4.0,32.0,,,,41,CSL
405,2016-08-14,0.7863013698630137,7.0,4.0,32.0,,,,42,CSL
406,2016-08-21,0.8054794520547945,7.0,4.0,32.0,,,,43,CSL
407,2016-08-28,0.8246575342465754,7.0,4.0,32.0,,,,44,CSL
408,2016-09-04,0.8438356164383561,7.0,4.0,32.0,,,,45,CSL
409,2016-09-11,0.863013698630137,7.0,4.0,30.0,,,,46,CSL
410,2016-09-18,0.8821917808219178,7.0,4.0,27.0,,,,47,CSL
411,2016-09-25,0.9013698630136986,7.0,4.0,24.0,,,,48,CSL
412,2016-10-02,0.9205479452054794,7.0,4.0,24.0,,,,49,CSL
413,2016-10-09,0.9397260273972603,7.0,4.0,23.0,,,,50,CSL
414,2016-10-16,0.958904109589041,7.0,4.0,23.0,,,,51,CSL
415,2016-10-23,0.9780821917808219,7.0,4.0,22.0,,,,52,CSL
416,2016-10-30,0.9972602739726028,7.0,4.0,22.0,,,,53,CSL
417,2016-11-06,0.01643835616438356,8.0,1.0,23.0,,,,2,CSL
418,2016-11-13,0.03561643835616438,8.0,1.0,23.0,,,,3,CSL
419,2016-11-20,0.0547945205479452,8.0,1.0,24.0,,,,4,CSL
420,2016-11-27,0.07397260273972603,8.0,1.0,24.0,,,,5,CSL
424,2016-12-25,0.1506849315068493,8.0,1.0,27.0,,,,9,CSL
425,2017-01-01,0.16712328767123288,8.0,1.0,30.0,,,,10,CSL
426,2017-01-08,0.1863013698630137,8.0,1.0,30.0,,,,11,CSL
427,2017-01-15,0.2054794520547945,8.0,1.0,30.0,,,,12,CSL
428,2017-01-22,0.22465753424657534,8.0,1.0,31.0,,,,13,CSL
429,2017-01-29,0.24383561643835616,8.0,1.0,33.0,,,,14,CSL
430,2017-02-05,0.26301369863013696,8.0,2.0,35.0,,,,15,CSL
431,2017-02-12,0.2821917808219178,8.0,2.0,37.0,,,,16,CSL
432,2017-02-19,0.3013698630136986,8.0,2.0,40.0,,,,17,CSL
433,2017-02-26,0.32054794520547947,8.0,2.0,40.0,,,,18,CSL
434,2017-03-05,0.33972602739726027,8.0,2.0,41.0,,,,19,CSL
435,2017-03-12,0.3589041095890411,8.0,2.0,41.0,,,,20,CSL
436,2017-03-19,0.3780821917808219,8.0,2.0,41.0,,,,21,CSL
437,2017-03-26,0.3972602739726027,8.0,2.0,42.0,,,,22,CSL
438,2017-04-02,0.41643835616438357,8.0,2.0,42.0,,,,23,CSL
439,2017-04-09,0.43561643835616437,8.0,2.0,43.0,,,,24,CSL
440,2017-04-16,0.4547945205479452,8.0,2.0,43.0,,,,25,CSL
441,2017-04-23,0.473972602739726,8.0,2.0,44.0,,,,26,CSL
442,2017-04-30,0.4931506849315068,8.0,2.0,44.0,,,,27,CSL
443,2017-05-07,0.5123287671232877,8.0,3.0,44.0,,,,28,CSL
444,2017-05-14,0.5315068493150685,8.0,3.0,45.0,,,,29,CSL
445,2017-05-21,0.5506849315068493,8.0,3.0,45.0,,,,30,CSL
446,2017-05-28,0.5698630136986301,8.0,3.0,46.0,,,,31,CSL
447,2017-06-04,0.589041095890411,8.0,3.0,46.0,,,,32,CSL
448,2017-06-11,0.6082191780821918,8.0,3.0,46.0,,,,33,CSL
449,2017-06-18,0.6273972602739726,8.0,3.0,46.0,,,,34,CSL
450,2017-06-25,0.6465753424657534,8.0,3.0,47.0,,,,35,CSL
451,2017-07-02,0.6657534246575343,8.0,3.0,47.0,,,,36,CSL
452,2017-07-09,0.684931506849315,8.0,3.0,48.0,,,,37,CSL
453,2017-07-16,0.7041095890410959,8.0,3.0,48.0,,,,38,CSL
454,2017-07-23,0.7232876712328767,8.0,3.0,48.0,,,,39,CSL
455,2017-07-30,0.7424657534246575,8.0,3.0,48.0,,,,40,CSL
456,2017-08-06,0.7616438356164383,8.0,4.0,48.0,,,,41,CSL
457,2017-08-13,0.7808219178082192,8.0,4.0,49.0,,,,42,CSL
458,2017-08-20,0.8,8.0,4.0,49.0,,,,43,CSL
459,2017-08-27,0.8191780821917808,8.0,4.0,49.0,,,,44,CSL
460,2017-09-03,0.8383561643835616,8.0,4.0,49.0,,,,45,CSL
461,2017-09-10,0.8575342465753425,8.0,4.0,49.0,,,,46,CSL
462,2017-09-17,0.8767123287671232,8.0,4.0,50.0,,,,47,CSL
463,2017-09-24,0.8958904109589041,8.0,4.0,50.0,,,,48,CSL
464,2017-10-01,0.915068493150685,8.0,4.0,50.0,,,,49,CSL
465,2017-10-08,0.9342465753424658,8.0,4.0,50.0,,,,50,CSL
0,2016-01-24,0.23013698630136986,-1.0,1.0,10.0,,,,13,FOR
1,2016-01-31,0.2493150684931507,-1.0,1.0,13.0,,,,14,FOR
2,2016-02-07,0.2684931506849315,-1.0,2.0,24.0,,,,15,FOR
3,2016-02-14,0.2876712328767123,-1.0,2.0,26.0,,,,16,FOR
4,2016-02-21,0.30684931506849317,-1.0,2.0,28.0,,,,17,FOR
5,2016-02-28,0.32602739726027397,-1.0,2.0,28.0,,,,18,FOR
6,2016-03-06,0.3452054794520548,-1.0,2.0,29.0,,,,19,FOR
7,2016-03-13,0.3643835616438356,-1.0,2.0,30.0,,,,20,FOR
8,2016-03-20,0.3835616438356164,-1.0,2.0,25.0,,,,21,FOR
9,2016-03-27,0.40273972602739727,-1.0,2.0,25.0,,,,22,FOR
10,2016-04-03,0.42191780821917807,-1.0,2.0,25.0,,,,23,FOR
11,2016-04-10,0.4410958904109589,-1.0,2.0,25.0,,,,24,FOR
12,2016-04-17,0.4602739726027397,-1.0,2.0,25.0,,,,25,FOR
13,2016-04-24,0.4794520547945205,-1.0,2.0,25.0,,,,26,FOR
14,2016-05-01,0.4986301369863014,-1.0,3.0,25.0,,,,27,FOR
15,2016-05-08,0.5178082191780822,-1.0,3.0,25.0,,,,28,FOR
16,2016-05-15,0.536986301369863,-1.0,3.0,25.0,,,,29,FOR
17,2016-05-22,0.5561643835616439,-1.0,3.0,25.0,,,,30,FOR
18,2016-05-29,0.5753424657534246,-1.0,3.0,24.0,,,,31,FOR
19,2016-06-05,0.5945205479452055,-1.0,3.0,23.0,,,,32,FOR
20,2016-06-12,0.6136986301369863,-1.0,3.0,22.0,,,,33,FOR
21,2016-06-19,0.6328767123287671,-1.0,3.0,20.0,,,,34,FOR
22,2016-06-26,0.6520547945205479,-1.0,3.0,20.0,,,,35,FOR
23,2016-07-03,0.6712328767123288,-1.0,3.0,19.0,,,,36,FOR
24,2016-07-10,0.6904109589041096,-1.0,3.0,18.0,,,,37,FOR
25,2016-07-17,0.7095890410958904,-1.0,3.0,18.0,,,,38,FOR
26,2016-07-24,0.7287671232876712,-1.0,3.0,17.0,,,,39,FOR
27,2016-07-31,0.7479452054794521,-1.0,3.0,17.0,,,,40,FOR
28,2016-08-07,0.7671232876712328,-1.0,4.0,16.0,,,,41,FOR
29,2016-08-14,0.7863013698630137,-1.0,4.0,15.0,,,,42,FOR
30,2016-08-21,0.8054794520547945,-1.0,4.0,15.0,,,,43,FOR
31,2016-08-28,0.8246575342465754,-1.0,4.0,14.0,,,,44,FOR
32,2016-09-04,0.8438356164383561,-1.0,4.0,14.0,,,,45,FOR
33,2016-09-11,0.863013698630137,-1.0,4.0,14.0,,,,46,FOR
34,2016-09-18,0.8821917808219178,-1.0,4.0,14.0,,,,47,FOR
35,2016-09-25,0.9013698630136986,-1.0,4.0,14.0,,,,48,FOR
48,2016-12-25,0.1506849315068493,0.0,1.0,13.0,,,,9,FOR
49,2017-01-01,0.16712328767123288,0.0,1.0,13.0,,,,10,FOR
50,2017-01-08,0.1863013698630137,0.0,1.0,14.0,,,,11,FOR
51,2017-01-15,0.2054794520547945,0.0,1.0,14.0,,,,12,FOR
52,2017-01-22,0.22465753424657534,0.0,1.0,15.0,,,,13,FOR
53,2017-01-29,0.24383561643835616,0.0,1.0,20.0,,,,14,FOR
54,2017-02-05,0.26301369863013696,0.0,2.0,24.0,,,,15,FOR
55,2017-02-12,0.2821917808219178,0.0,2.0,25.0,,,,16,FOR
56,2017-02-19,0.3013698630136986,0.0,2.0,25.0,,,,17,FOR
57,2017-02-26,0.32054794520547947,0.0,2.0,25.0,,,,18,FOR
58,2017-03-05,0.33972602739726027,0.0,2.0,25.0,,,,19,FOR
59,2017-03-12,0.3589041095890411,0.0,2.0,25.0,,,,20,FOR
60,2017-03-19,0.3780821917808219,0.0,2.0,25.0,,,,21,FOR
61,2017-03-26,0.3972602739726027,0.0,2.0,25.0,,,,22,FOR
62,2017-04-02,0.41643835616438357,0.0,2.0,25.0,,,,23,FOR
63,2017-04-09,0.43561643835616437,0.0,2.0,25.0,,,,24,FOR
64,2017-04-16,0.4547945205479452,0.0,2.0,25.0,,,,25,FOR
65,2017-04-23,0.473972602739726,0.0,2.0,25.0,,,,26,FOR
66,2017-04-30,0.4931506849315068,0.0,2.0,25.0,,,,27,FOR
67,2017-05-07,0.5123287671232877,0.0,3.0,25.0,,,,28,FOR
68,2017-05-14,0.5315068493150685,0.0,3.0,25.0,,,,29,FOR
69,2017-05-21,0.5506849315068493,0.0,3.0,25.0,,,,30,FOR
70,2017-05-28,0.5698630136986301,0.0,3.0,25.0,,,,31,FOR
71,2017-06-04,0.589041095890411,0.0,3.0,25.0,,,,32,FOR
72,2017-06-11,0.6082191780821918,0.0,3.0,24.0,,,,33,FOR
73,2017-06-18,0.6273972602739726,0.0,3.0,22.0,,,,34,FOR
74,2017-06-25,0.6465753424657534,0.0,3.0,21.0,,,,35,FOR
75,2017-07-02,0.6657534246575343,0.0,3.0,21.0,,,,36,FOR
76,2017-07-09,0.684931506849315,0.0,3.0,21.0,,,,37,FOR
77,2017-07-16,0.7041095890410959,0.0,3.0,21.0,,,,38,FOR
78,2017-07-23,0.7232876712328767,0.0,3.0,20.0,,,,39,FOR
79,2017-07-30,0.7424657534246575,0.0,3.0,20.0,,,,40,FOR
80,2017-08-06,0.7616438356164383,0.0,4.0,20.0,,,,41,FOR
81,2017-08-13,0.7808219178082192,0.0,4.0,19.0,,,,42,FOR
82,2017-08-20,0.8,0.0,4.0,18.0,,,,43,FOR
83,2017-08-27,0.8191780821917808,0.0,4.0,18.0,,,,44,FOR
84,2017-09-03,0.8383561643835616,0.0,4.0,17.0,,,,45,FOR
85,2017-09-10,0.8575342465753425,0.0,4.0,16.0,,,,46,FOR
86,2017-09-17,0.8767123287671232,0.0,4.0,16.0,,,,47,FOR
87,2017-09-24,0.8958904109589041,0.0,4.0,16.0,,,,48,FOR
88,2017-10-01,0.915068493150685,0.0,4.0,16.0,,,,49,FOR
89,2017-10-08,0.9342465753424658,0.0,4.0,14.0,,,,50,FOR
90,2017-10-15,0.9534246575342465,0.0,4.0,12.0,,,,51,FOR
91,2017-10-22,0.9726027397260274,0.0,4.0,10.0,,,,52,FOR
92,2017-10-29,0.9917808219178083,0.0,4.0,12.0,,,,53,FOR
93,2017-11-05,0.010958904109589041,1.0,1.0,15.0,,,,2,FOR
94,2017-11-12,0.030136986301369864,1.0,1.0,15.0,,,,3,FOR
95,2017-11-19,0.049315068493150684,1.0,1.0,15.0,,,,4,FOR
96,2017-11-26,0.0684931506849315,1.0,1.0,15.0,,,,5,FOR
97,2017-12-03,0.08767123287671233,1.0,1.0,16.0,,,,6,FOR
98,2017-12-10,0.10684931506849316,1.0,1.0,16.0,,,,7,FOR
99,2017-12-17,0.12602739726027398,1.0,1.0,16.0,,,,8,FOR
100,2017-12-24,0.14520547945205478,1.0,1.0,15.0,,,,9,FOR
101,2017-12-31,0.1643835616438356,1.0,1.0,14.0,,,,10,FOR
102,2018-01-07,0.18356164383561643,1.0,1.0,13.0,,,,11,FOR
103,2018-01-14,0.20273972602739726,1.0,1.0,13.0,,,,12,FOR
104,2018-01-21,0.2219178082191781,1.0,1.0,13.0,,,,13,FOR
105,2018-01-28,0.2410958904109589,1.0,1.0,13.0,,,,14,FOR
106,2018-02-04,0.2602739726027397,1.0,2.0,13.0,,,,15,FOR
107,2018-02-11,0.27945205479452057,1.0,2.0,13.0,,,,16,FOR
108,2018-02-18,0.29863013698630136,1.0,2.0,13.0,,,,17,FOR
109,2018-02-25,0.3178082191780822,1.0,2.0,13.0,,,,18,FOR
110,2018-03-04,0.336986301369863,1.0,2.0,13.0,,,,19,FOR
111,2018-03-11,0.3561643835616438,1.0,2.0,13.0,,,,20,FOR
112,2018-03-18,0.37534246575342467,1.0,2.0,13.0,,,,21,FOR
113,2018-03-25,0.39452054794520547,1.0,2.0,13.0,,,,22,FOR
130,2018-07-22,0.7205479452054795,1.0,3.0,12.0,,,,39,FOR
131,2018-07-29,0.7397260273972602,1.0,3.0,12.0,,,,40,FOR
132,2018-08-05,0.7589041095890411,1.0,4.0,11.0,,,,41,FOR
133,2018-08-12,0.7780821917808219,1.0,4.0,11.0,,,,42,FOR
134,2018-08-19,0.7972602739726027,1.0,4.0,11.0,,,,43,FOR
135,2018-08-26,0.8164383561643835,1.0,4.0,11.0,,,,44,FOR
136,2018-09-02,0.8356164383561644,1.0,4.0,11.0,,,,45,FOR
137,2018-09-09,0.8547945205479452,1.0,4.0,11.0,,,,46,FOR
138,2018-09-16,0.873972602739726,1.0,4.0,11.0,,,,47,FOR
139,2018-09-23,0.8931506849315068,1.0,4.0,11.0,,,,48,FOR
140,2018-09-30,0.9123287671232877,1.0,4.0,11.0,,,,49,FOR
141,2018-10-07,0.9315068493150684,1.0,4.0,11.0,,,,50,FOR
142,2018-10-14,0.9506849315068493,1.0,4.0,11.0,,,,51,FOR
143,2018-10-21,0.9698630136986301,1.0,4.0,8.0,,,,52,FOR
0,2008-11-16,0.043835616438356165,0.0,1.0,21.0,19.0,,,3,HIP
1,2008-11-23,0.06301369863013699,0.0,1.0,23.0,19.0,,,4,HIP
2,2008-11-30,0.0821917808219178,0.0,1.0,25.0,19.0,,,5,HIP
3,2008-12-07,0.10136986301369863,0.0,1.0,27.0,19.0,,,6,HIP
4,2008-12-14,0.12054794520547946,0.0,1.0,29.0,19.0,,,7,HIP
5,2008-12-21,0.13972602739726028,0.0,1.0,31.0,,,,8,HIP
6,2008-12-28,0.1589041095890411,0.0,1.0,33.0,,,,9,HIP
7,2009-01-04,0.17534246575342466,0.0,1.0,35.0,,,,10,HIP
8,2009-01-11,0.19452054794520549,0.0,1.0,37.0,,,,11,HIP
9,2009-01-18,0.2136986301369863,0.0,1.0,39.0,18.0,,21.0,12,HIP
10,2009-01-25,0.2328767123287671,0.0,1.0,39.0,18.0,,21.0,13,HIP
11,2009-02-01,0.25205479452054796,0.0,2.0,38.0,18.0,,20.0,14,HIP
12,2009-02-08,0.27123287671232876,0.0,2.0,38.0,18.0,,20.0,15,HIP
13,2009-02-15,0.29041095890410956,0.0,2.0,38.0,19.0,,19.0,16,HIP
14,2009-02-22,0.3095890410958904,0.0,2.0,37.0,,,,17,HIP
15,2009-03-01,0.3287671232876712,0.0,2.0,36.0,,,,18,HIP
16,2009-03-08,0.34794520547945207,0.0,2.0,36.0,,,,19,HIP
18,2009-03-22,0.3863013698630137,0.0,2.0,35.0,,,,21,HIP
19,2009-03-29,0.4054794520547945,0.0,2.0,34.0,,,,22,HIP
20,2009-04-05,0.4246575342465753,0.0,2.0,34.0,,,,23,HIP
21,2009-04-12,0.4438356164383562,0.0,2.0,34.0,,,,24,HIP
22,2009-04-19,0.46301369863013697,0.0,2.0,33.0,,,,25,HIP
23,2009-04-26,0.4821917808219178,0.0,2.0,32.0,,,,26,HIP
24,2009-05-03,0.5013698630136987,0.0,3.0,32.0,,,,27,HIP
25,2009-05-10,0.5205479452054794,0.0,3.0,32.0,,,,28,HIP
26,2009-05-17,0.5397260273972603,0.0,3.0,31.0,,,,29,HIP
28,2009-05-31,0.5780821917808219,0.0,3.0,30.0,,,,31,HIP
29,2009-06-07,0.5972602739726027,0.0,3.0,30.0,,,,32,HIP
30,2009-06-14,0.6164383561643836,0.0,3.0,30.0,,,,33,HIP
31,2009-06-21,0.6356164383561644,0.0,3.0,30.0,,,,34,HIP
32,2009-06-28,0.6547945205479452,0.0,3.0,30.0,,,,35,HIP
33,2009-07-05,0.673972602739726,0.0,3.0,29.0,,,,36,HIP
34,2009-07-12,0.6931506849315069,0.0,3.0,29.0,22.0,7.0,,37,HIP
35,2009-07-19,0.7123287671232876,0.0,3.0,29.0,23.0,7.0,,38,HIP
36,2009-07-26,0.7315068493150685,0.0,3.0,29.0,24.0,7.0,,39,HIP
37,2009-08-02,0.7506849315068493,0.0,4.0,29.0,24.0,7.0,,40,HIP
38,2009-08-09,0.7698630136986301,0.0,4.0,29.0,25.0,7.0,,41,HIP
39,2009-08-16,0.7890410958904109,0.0,4.0,28.0,,,,42,HIP
40,2009-08-23,0.8082191780821918,0.0,4.0,28.0,,,,43,HIP
41,2009-08-30,0.8273972602739726,0.0,4.0,28.0,,,,44,HIP
42,2009-09-06,0.8465753424657534,0.0,4.0,28.0,28.0,,,45,HIP
43,2009-09-13,0.8657534246575342,0.0,4.0,27.0,26.0,,,46,HIP
44,2009-09-20,0.8849315068493151,0.0,4.0,27.0,24.0,,,47,HIP
45,2009-09-27,0.9041095890410958,0.0,4.0,26.0,22.0,,,48,HIP
46,2009-10-04,0.9232876712328767,0.0,4.0,25.0,20.0,,,49,HIP
48,2009-10-18,0.9616438356164384,0.0,4.0,24.0,,,,51,HIP
49,2009-10-25,0.9808219178082191,0.0,4.0,23.0,,,,52,HIP
50,2009-11-01,0.0,1.0,1.0,22.0,12.0,6.0,4.0,1,HIP
51,2009-11-08,0.019178082191780823,1.0,1.0,13.0,7.0,3.0,3.0,2,HIP
52,2009-11-15,0.038356164383561646,1.0,1.0,18.0,12.0,2.0,4.0,3,HIP
53,2009-11-22,0.057534246575342465,1.0,1.0,22.0,17.0,1.0,4.0,4,HIP
54,2009-11-29,0.07671232876712329,1.0,1.0,24.0,24.0,1.0,4.0,5,HIP
55,2009-12-06,0.0958904109589041,1.0,1.0,24.0,23.0,1.0,4.0,6,HIP
56,2009-12-13,0.11506849315068493,1.0,1.0,24.0,23.0,1.0,4.0,7,HIP
57,2009-12-20,0.13424657534246576,1.0,1.0,24.0,22.0,2.0,4.0,8,HIP
58,2009-12-27,0.15342465753424658,1.0,1.0,24.0,22.0,,,9,HIP
59,2010-01-03,0.1726027397260274,1.0,1.0,24.0,,,,10,HIP
60,2010-01-10,0.1917808219178082,1.0,1.0,24.0,,,,11,HIP
61,2010-01-17,0.21095890410958903,1.0,1.0,24.0,,,,12,HIP
62,2010-01-24,0.23013698630136986,1.0,1.0,24.0,,,,13,HIP
63,2010-01-31,0.2493150684931507,1.0,1.0,24.0,,,,14,HIP
64,2010-02-07,0.2684931506849315,1.0,2.0,24.0,,,,15,HIP
65,2010-02-14,0.2876712328767123,1.0,2.0,24.0,,,,16,HIP
66,2010-02-21,0.30684931506849317,1.0,2.0,24.0,,,,17,HIP
67,2010-02-28,0.32602739726027397,1.0,2.0,24.0,,,,18,HIP
68,2010-03-07,0.3452054794520548,1.0,2.0,24.0,16.0,3.0,5.0,19,HIP
69,2010-03-14,0.3643835616438356,1.0,2.0,23.0,16.0,3.0,6.0,20,HIP
70,2010-03-21,0.3835616438356164,1.0,2.0,22.0,15.0,3.0,7.0,21,HIP
71,2010-03-28,0.40273972602739727,1.0,2.0,19.0,12.0,3.0,7.0,22,HIP
72,2010-04-04,0.42191780821917807,1.0,2.0,18.0,12.0,3.0,7.0,23,HIP
73,2010-04-11,0.4410958904109589,1.0,2.0,17.0,12.0,,7.0,24,HIP
74,2010-04-18,0.4602739726027397,1.0,2.0,17.0,13.0,,7.0,25,HIP
75,2010-04-25,0.4794520547945205,1.0,2.0,16.0,13.0,3.0,7.0,26,HIP
76,2010-05-02,0.4986301369863014,1.0,3.0,16.0,12.0,4.0,,27,HIP
77,2010-05-09,0.5178082191780822,1.0,3.0,16.0,12.0,4.0,,28,HIP
78,2010-05-16,0.536986301369863,1.0,3.0,16.0,11.0,5.0,,29,HIP
79,2010-05-23,0.5561643835616439,1.0,3.0,16.0,10.0,6.0,,30,HIP
0,2008-11-30,0.0821917808219178,0.0,1.0,21.0,6.0,,15.0,5,KUB
1,2008-12-07,0.10136986301369863,0.0,1.0,22.0,7.0,,14.0,6,KUB
2,2008-12-14,0.12054794520547946,0.0,1.0,22.0,8.0,,14.0,7,KUB
3,2008-12-21,0.13972602739726028,0.0,1.0,22.0,9.0,,13.0,8,KUB
4,2008-12-28,0.1589041095890411,0.0,1.0,23.0,10.0,,12.0,9,KUB
5,2009-01-04,0.17534246575342466,0.0,1.0,23.0,,,,10,KUB
6,2009-01-11,0.19452054794520549,0.0,1.0,24.0,,,,11,KUB
7,2009-01-18,0.2136986301369863,0.0,1.0,24.0,,,,12,KUB
8,2009-01-25,0.2328767123287671,0.0,1.0,25.0,,,,13,KUB
9,2009-02-01,0.25205479452054796,0.0,2.0,25.0,16.0,,9.0,14,KUB
10,2009-02-08,0.27123287671232876,0.0,2.0,26.0,15.0,,11.0,15,KUB
11,2009-02-15,0.29041095890410956,0.0,2.0,27.0,15.0,,12.0,16,KUB
12,2009-02-22,0.3095890410958904,0.0,2.0,28.0,14.0,,14.0,17,KUB
13,2009-03-01,0.3287671232876712,0.0,2.0,29.0,16.0,,14.0,18,KUB
14,2009-03-08,0.34794520547945207,0.0,2.0,30.0,17.0,,13.0,19,KUB
15,2009-03-15,0.36712328767123287,0.0,2.0,29.0,17.0,,12.0,20,KUB
16,2009-03-22,0.3863013698630137,0.0,2.0,28.0,17.0,,12.0,21,KUB
17,2009-03-29,0.4054794520547945,0.0,2.0,27.0,16.0,,11.0,22,KUB
18,2009-04-05,0.4246575342465753,0.0,2.0,26.0,16.0,,10.0,23,KUB
19,2009-04-12,0.4438356164383562,0.0,2.0,26.0,,,,24,KUB
20,2009-04-19,0.46301369863013697,0.0,2.0,25.0,16.0,9.0,,25,KUB
21,2009-04-26,0.4821917808219178,0.0,2.0,23.0,15.0,9.0,,26,KUB
22,2009-05-03,0.5013698630136987,0.0,3.0,21.0,14.0,9.0,,27,KUB
23,2009-05-10,0.5205479452054794,0.0,3.0,21.0,13.0,10.0,,28,KUB
24,2009-05-17,0.5397260273972603,0.0,3.0,20.0,12.0,10.0,,29,KUB
25,2009-05-24,0.5589041095890411,0.0,3.0,20.0,,,,30,KUB
26,2009-05-31,0.5780821917808219,0.0,3.0,20.0,10.0,10.0,,31,KUB
27,2009-06-07,0.5972602739726027,0.0,3.0,20.0,10.0,10.0,,32,KUB
28,2009-06-14,0.6164383561643836,0.0,3.0,20.0,10.0,10.0,,33,KUB
29,2009-06-21,0.6356164383561644,0.0,3.0,20.0,9.0,11.0,,34,KUB
30,2009-06-28,0.6547945205479452,0.0,3.0,20.0,9.0,11.0,,35,KUB
31,2009-07-05,0.673972602739726,0.0,3.0,20.0,8.0,11.0,1.0,36,KUB
32,2009-07-12,0.6931506849315069,0.0,3.0,20.0,10.0,10.0,1.0,37,KUB
33,2009-07-19,0.7123287671232876,0.0,3.0,20.0,10.0,9.0,2.0,38,KUB
34,2009-07-26,0.7315068493150685,0.0,3.0,20.0,10.0,8.0,2.0,39,KUB
35,2009-08-02,0.7506849315068493,0.0,4.0,20.0,10.0,7.0,3.0,40,KUB
36,2009-08-09,0.7698630136986301,0.0,4.0,20.0,10.0,6.0,,41,KUB
37,2009-08-16,0.7890410958904109,0.0,4.0,20.0,,,,42,KUB
38,2009-08-23,0.8082191780821918,0.0,4.0,20.0,,,,43,KUB
39,2009-08-30,0.8273972602739726,0.0,4.0,19.0,,,,44,KUB
40,2009-09-06,0.8465753424657534,0.0,4.0,18.0,10.0,3.0,5.0,45,KUB
41,2009-09-13,0.8657534246575342,0.0,4.0,15.0,10.0,3.0,5.0,46,KUB
42,2009-09-20,0.8849315068493151,0.0,4.0,15.0,10.0,3.0,5.0,47,KUB
43,2009-09-27,0.9041095890410958,0.0,4.0,14.0,10.0,3.0,5.0,48,KUB
44,2009-10-04,0.9232876712328767,0.0,4.0,14.0,10.0,3.0,5.0,49,KUB
45,2009-10-11,0.9424657534246575,0.0,4.0,14.0,,,,50,KUB
46,2009-10-18,0.9616438356164384,0.0,4.0,14.0,,,,51,KUB
47,2009-10-25,0.9808219178082191,0.0,4.0,13.0,,,,52,KUB
48,2009-11-01,0.0,1.0,1.0,5.0,,,,1,KUB
0,2017-01-08,0.1863013698630137,-1.0,1.0,5.0,,,,11,LIB
1,2017-01-15,0.2054794520547945,-1.0,1.0,6.0,,,,12,LIB
2,2017-01-22,0.22465753424657534,-1.0,1.0,8.0,,,,13,LIB
3,2017-01-29,0.24383561643835616,-1.0,1.0,9.0,,,,14,LIB
4,2017-02-05,0.26301369863013696,-1.0,2.0,10.0,,,,15,LIB
5,2017-02-12,0.2821917808219178,-1.0,2.0,10.0,,,,16,LIB
6,2017-02-19,0.3013698630136986,-1.0,2.0,12.0,,,,17,LIB
7,2017-02-26,0.32054794520547947,-1.0,2.0,14.0,,,,18,LIB
8,2017-03-05,0.33972602739726027,-1.0,2.0,14.0,,,,19,LIB
9,2017-03-12,0.3589041095890411,-1.0,2.0,14.0,,,,20,LIB
10,2017-03-19,0.3780821917808219,-1.0,2.0,14.0,,,,21,LIB
11,2017-03-26,0.3972602739726027,-1.0,2.0,15.0,,,,22,LIB
12,2017-04-02,0.41643835616438357,-1.0,2.0,15.0,,,,23,LIB
13,2017-04-09,0.43561643835616437,-1.0,2.0,15.0,,,,24,LIB
14,2017-04-16,0.4547945205479452,-1.0,2.0,15.0,,,,25,LIB
15,2017-04-23,0.473972602739726,-1.0,2.0,15.0,,,,26,LIB
16,2017-04-30,0.4931506849315068,-1.0,2.0,16.0,,,,27,LIB
17,2017-05-07,0.5123287671232877,-1.0,3.0,16.0,,,,28,LIB
18,2017-05-14,0.5315068493150685,-1.0,3.0,14.0,,,,29,LIB
19,2017-05-21,0.5506849315068493,-1.0,3.0,13.0,,,,30,LIB
20,2017-05-28,0.5698630136986301,-1.0,3.0,13.0,,,,31,LIB
21,2017-06-04,0.589041095890411,-1.0,3.0,13.0,,,,32,LIB
22,2017-06-11,0.6082191780821918,-1.0,3.0,13.0,,,,33,LIB
23,2017-06-18,0.6273972602739726,-1.0,3.0,11.0,,,,34,LIB
24,2017-06-25,0.6465753424657534,-1.0,3.0,10.0,,,,35,LIB
25,2017-07-02,0.6657534246575343,-1.0,3.0,8.0,,,,36,LIB
26,2017-07-09,0.684931506849315,-1.0,3.0,8.0,,,,37,LIB
27,2017-07-16,0.7041095890410959,-1.0,3.0,8.0,,,,38,LIB
28,2017-07-23,0.7232876712328767,-1.0,3.0,8.0,,,,39,LIB
29,2017-07-30,0.7424657534246575,-1.0,3.0,8.0,,,,40,LIB
30,2017-08-06,0.7616438356164383,-1.0,4.0,8.0,,,,41,LIB
31,2017-08-13,0.7808219178082192,-1.0,4.0,8.0,,,,42,LIB
32,2017-08-20,0.8,-1.0,4.0,8.0,,,,43,LIB
33,2017-08-27,0.8191780821917808,-1.0,4.0,8.0,,,,44,LIB
34,2017-09-03,0.8383561643835616,-1.0,4.0,7.0,,,,45,LIB
35,2017-09-10,0.8575342465753425,-1.0,4.0,6.0,,,,46,LIB
36,2017-09-17,0.8767123287671232,-1.0,4.0,6.0,,,,47,LIB
37,2017-09-24,0.8958904109589041,-1.0,4.0,5.0,,,,48,LIB
38,2017-10-01,0.915068493150685,-1.0,4.0,4.0,,,,49,LIB
39,2017-10-08,0.9342465753424658,-1.0,4.0,4.0,,,,50,LIB
0,2016-01-17,0.21095890410958903,-1.0,1.0,2.0,,,,12,MOGO
1,2016-01-24,0.23013698630136986,-1.0,1.0,5.0,,,,13,MOGO
2,2016-01-31,0.2493150684931507,-1.0,1.0,7.0,,,,14,MOGO
3,2016-02-07,0.2684931506849315,-1.0,2.0,10.0,,,,15,MOGO
4,2016-02-14,0.2876712328767123,-1.0,2.0,11.0,,,,16,MOGO
5,2016-02-21,0.30684931506849317,-1.0,2.0,12.0,,,,17,MOGO
6,2016-02-28,0.32602739726027397,-1.0,2.0,13.0,,,,18,MOGO
7,2016-03-06,0.3452054794520548,-1.0,2.0,14.0,,,,19,MOGO
8,2016-03-13,0.3643835616438356,-1.0,2.0,19.0,,,,20,MOGO
9,2016-03-20,0.3835616438356164,-1.0,2.0,24.0,,,,21,MOGO
10,2016-03-27,0.40273972602739727,-1.0,2.0,30.0,,,,22,MOGO
11,2016-04-03,0.42191780821917807,-1.0,2.0,30.0,,,,23,MOGO
12,2016-04-10,0.4410958904109589,-1.0,2.0,30.0,,,,24,MOGO
13,2016-04-17,0.4602739726027397,-1.0,2.0,30.0,,,,25,MOGO
14,2016-04-24,0.4794520547945205,-1.0,2.0,30.0,,,,26,MOGO
15,2016-05-01,0.4986301369863014,-1.0,3.0,30.0,,,,27,MOGO
16,2016-05-08,0.5178082191780822,-1.0,3.0,30.0,,,,28,MOGO
17,2016-05-15,0.536986301369863,-1.0,3.0,30.0,,,,29,MOGO
18,2016-05-22,0.5561643835616439,-1.0,3.0,30.0,,,,30,MOGO
19,2016-05-29,0.5753424657534246,-1.0,3.0,30.0,,,,31,MOGO
20,2016-06-05,0.5945205479452055,-1.0,3.0,30.0,,,,32,MOGO
21,2016-06-12,0.6136986301369863,-1.0,3.0,30.0,,,,33,MOGO
22,2016-06-19,0.6328767123287671,-1.0,3.0,30.0,,,,34,MOGO
23,2016-06-26,0.6520547945205479,-1.0,3.0,30.0,,,,35,MOGO
24,2016-07-03,0.6712328767123288,-1.0,3.0,29.0,,,,36,MOGO
27,2016-07-24,0.7287671232876712,-1.0,3.0,29.0,,,,39,MOGO
28,2016-07-31,0.7479452054794521,-1.0,3.0,29.0,,,,40,MOGO
29,2016-08-07,0.7671232876712328,-1.0,4.0,29.0,,,,41,MOGO
30,2016-08-14,0.7863013698630137,-1.0,4.0,29.0,,,,42,MOGO
31,2016-08-21,0.8054794520547945,-1.0,4.0,29.0,,,,43,MOGO
32,2016-08-28,0.8246575342465754,-1.0,4.0,29.0,,,,44,MOGO
33,2016-09-04,0.8438356164383561,-1.0,4.0,29.0,,,,45,MOGO
36,2016-09-25,0.9013698630136986,-1.0,4.0,29.0,,,,48,MOGO
37,2016-10-02,0.9205479452054794,-1.0,4.0,29.0,,,,49,MOGO
38,2016-10-09,0.9397260273972603,-1.0,4.0,29.0,,,,50,MOGO
39,2016-10-16,0.958904109589041,-1.0,4.0,29.0,,,,51,MOGO
0,2008-11-16,0.043835616438356165,0.0,1.0,4.0,,,,3,MOW
1,2008-11-23,0.06301369863013699,0.0,1.0,5.0,,,,4,MOW
2,2008-11-30,0.0821917808219178,0.0,1.0,6.0,6.0,,,5,MOW
3,2008-12-07,0.10136986301369863,0.0,1.0,7.0,6.0,,,6,MOW
4,2008-12-14,0.12054794520547946,0.0,1.0,8.0,5.0,,,7,MOW
5,2008-12-21,0.13972602739726028,0.0,1.0,9.0,5.0,,4.0,8,MOW
6,2008-12-28,0.1589041095890411,0.0,1.0,9.0,5.0,,4.0,9,MOW
7,2009-01-04,0.17534246575342466,0.0,1.0,9.0,5.0,,4.0,10,MOW
8,2009-01-11,0.19452054794520549,0.0,1.0,9.0,5.0,,4.0,11,MOW
9,2009-01-18,0.2136986301369863,0.0,1.0,9.0,5.0,,4.0,12,MOW
10,2009-01-25,0.2328767123287671,0.0,1.0,9.0,5.0,,4.0,13,MOW
11,2009-02-01,0.25205479452054796,0.0,2.0,9.0,5.0,,4.0,14,MOW
12,2009-02-08,0.27123287671232876,0.0,2.0,9.0,5.0,,5.0,15,MOW
13,2009-02-15,0.29041095890410956,0.0,2.0,9.0,5.0,,5.0,16,MOW
14,2009-02-22,0.3095890410958904,0.0,2.0,10.0,,,,17,MOW
15,2009-03-01,0.3287671232876712,0.0,2.0,10.0,,,,18,MOW
16,2009-03-08,0.34794520547945207,0.0,2.0,10.0,,,,19,MOW
17,2009-03-15,0.36712328767123287,0.0,2.0,10.0,,,,20,MOW
18,2009-03-22,0.3863013698630137,0.0,2.0,10.0,,,,21,MOW
19,2009-03-29,0.4054794520547945,0.0,2.0,10.0,,,,22,MOW
20,2009-04-05,0.4246575342465753,0.0,2.0,10.0,4.0,,6.0,23,MOW
21,2009-04-12,0.4438356164383562,0.0,2.0,10.0,4.0,,6.0,24,MOW
22,2009-04-19,0.46301369863013697,0.0,2.0,10.0,4.0,6.0,6.0,25,MOW
23,2009-04-26,0.4821917808219178,0.0,2.0,10.0,4.0,6.0,6.0,26,MOW
24,2009-05-03,0.5013698630136987,0.0,3.0,10.0,4.0,6.0,6.0,27,MOW
25,2009-05-10,0.5205479452054794,0.0,3.0,8.0,3.0,6.0,6.0,28,MOW
26,2009-05-17,0.5397260273972603,0.0,3.0,7.0,2.0,5.0,6.0,29,MOW
27,2009-05-24,0.5589041095890411,0.0,3.0,7.0,2.0,5.0,,30,MOW
28,2009-05-31,0.5780821917808219,0.0,3.0,7.0,2.0,5.0,,31,MOW
29,2009-06-07,0.5972602739726027,0.0,3.0,7.0,2.0,5.0,,32,MOW
30,2009-06-14,0.6164383561643836,0.0,3.0,7.0,3.0,4.0,,33,MOW
31,2009-06-21,0.6356164383561644,0.0,3.0,7.0,3.0,4.0,,34,MOW
32,2009-06-28,0.6547945205479452,0.0,3.0,7.0,3.0,4.0,,35,MOW
33,2009-07-05,0.673972602739726,0.0,3.0,7.0,4.0,4.0,,36,MOW
34,2009-07-12,0.6931506849315069,0.0,3.0,7.0,4.0,4.0,,37,MOW
35,2009-07-19,0.7123287671232876,0.0,3.0,7.0,4.0,4.0,,38,MOW
36,2009-07-26,0.7315068493150685,0.0,3.0,7.0,,,,39,MOW
37,2009-08-02,0.7506849315068493,0.0,4.0,7.0,,,,40,MOW
38,2009-08-09,0.7698630136986301,0.0,4.0,6.0,,,,41,MOW
39,2009-08-16,0.7890410958904109,0.0,4.0,6.0,,,,42,MOW
40,2009-08-23,0.8082191780821918,0.0,4.0,6.0,,,,43,MOW
41,2009-08-30,0.8273972602739726,0.0,4.0,6.0,,,,44,MOW
42,2009-09-06,0.8465753424657534,0.0,4.0,6.0,6.0,,,45,MOW
43,2009-09-13,0.8657534246575342,0.0,4.0,6.0,6.0,,,46,MOW
44,2009-09-20,0.8849315068493151,0.0,4.0,6.0,6.0,,,47,MOW
45,2009-09-27,0.9041095890410958,0.0,4.0,6.0,6.0,,,48,MOW
46,2009-10-04,0.9232876712328767,0.0,4.0,6.0,6.0,,,49,MOW
47,2009-10-11,0.9424657534246575,0.0,4.0,6.0,,,,50,MOW
48,2009-10-18,0.9616438356164384,0.0,4.0,6.0,,,,51,MOW
372,2016-01-03,0.1726027397260274,7.0,1.0,16.0,,,,10,MOW
373,2016-01-10,0.1917808219178082,7.0,1.0,18.0,,,,11,MOW
374,2016-01-17,0.21095890410958903,7.0,1.0,20.0,,,,12,MOW
375,2016-01-24,0.23013698630136986,7.0,1.0,22.0,,,,13,MOW
376,2016-01-31,0.2493150684931507,7.0,1.0,24.0,,,,14,MOW
377,2016-02-07,0.2684931506849315,7.0,2.0,26.0,,,,15,MOW
378,2016-02-14,0.2876712328767123,7.0,2.0,26.0,,,,16,MOW
379,2016-02-21,0.30684931506849317,7.0,2.0,27.0,,,,17,MOW
380,2016-02-28,0.32602739726027397,7.0,2.0,27.0,,,,18,MOW
381,2016-03-06,0.3452054794520548,7.0,2.0,28.0,,,,19,MOW
382,2016-03-13,0.3643835616438356,7.0,2.0,28.0,,,,20,MOW
383,2016-03-20,0.3835616438356164,7.0,2.0,29.0,,,,21,MOW
384,2016-03-27,0.40273972602739727,7.0,2.0,29.0,,,,22,MOW
385,2016-04-03,0.42191780821917807,7.0,2.0,30.0,,,,23,MOW
386,2016-04-10,0.4410958904109589,7.0,2.0,30.0,,,,24,MOW
387,2016-04-17,0.4602739726027397,7.0,2.0,30.0,,,,25,MOW
388,2016-04-24,0.4794520547945205,7.0,2.0,30.0,,,,26,MOW
389,2016-05-01,0.4986301369863014,7.0,3.0,30.0,,,,27,MOW
390,2016-05-08,0.5178082191780822,7.0,3.0,30.0,,,,28,MOW
391,2016-05-15,0.536986301369863,7.0,3.0,30.0,,,,29,MOW
392,2016-05-22,0.5561643835616439,7.0,3.0,30.0,,,,30,MOW
393,2016-05-29,0.5753424657534246,7.0,3.0,30.0,,,,31,MOW
394,2016-06-05,0.5945205479452055,7.0,3.0,30.0,,,,32,MOW
395,2016-06-12,0.6136986301369863,7.0,3.0,30.0,,,,33,MOW
396,2016-06-19,0.6328767123287671,7.0,3.0,30.0,,,,34,MOW
397,2016-06-26,0.6520547945205479,7.0,3.0,30.0,,,,35,MOW
398,2016-07-03,0.6712328767123288,7.0,3.0,30.0,,,,36,MOW
399,2016-07-10,0.6904109589041096,7.0,3.0,30.0,,,,37,MOW
400,2016-07-17,0.7095890410958904,7.0,3.0,30.0,,,,38,MOW
401,2016-07-24,0.7287671232876712,7.0,3.0,30.0,,,,39,MOW
402,2016-07-31,0.7479452054794521,7.0,3.0,29.0,,,,40,MOW
403,2016-08-07,0.7671232876712328,7.0,4.0,29.0,,,,41,MOW
404,2016-08-14,0.7863013698630137,7.0,4.0,29.0,,,,42,MOW
405,2016-08-21,0.8054794520547945,7.0,4.0,29.0,,,,43,MOW
406,2016-08-28,0.8246575342465754,7.0,4.0,29.0,,,,44,MOW
407,2016-09-04,0.8438356164383561,7.0,4.0,29.0,,,,45,MOW
408,2016-09-11,0.863013698630137,7.0,4.0,29.0,,,,46,MOW
409,2016-09-18,0.8821917808219178,7.0,4.0,29.0,,,,47,MOW
410,2016-09-25,0.9013698630136986,7.0,4.0,29.0,,,,48,MOW
411,2016-10-02,0.9205479452054794,7.0,4.0,29.0,,,,49,MOW
412,2016-10-09,0.9397260273972603,7.0,4.0,29.0,,,,50,MOW
413,2016-10-16,0.958904109589041,7.0,4.0,29.0,,,,51,MOW
414,2016-10-23,0.9780821917808219,7.0,4.0,12.0,,,,52,MOW
415,2016-10-30,0.9972602739726028,7.0,4.0,12.0,,,,53,MOW
416,2016-11-06,0.01643835616438356,8.0,1.0,12.0,,,,2,MOW
417,2016-11-13,0.03561643835616438,8.0,1.0,12.0,,,,3,MOW
418,2016-11-20,0.0547945205479452,8.0,1.0,12.0,,,,4,MOW
422,2016-12-18,0.13150684931506848,8.0,1.0,13.0,,,,8,MOW
423,2016-12-25,0.1506849315068493,8.0,1.0,19.0,,,,9,MOW
424,2017-01-01,0.16712328767123288,8.0,1.0,21.0,,,,10,MOW
425,2017-01-08,0.1863013698630137,8.0,1.0,22.0,,,,11,MOW
426,2017-01-15,0.2054794520547945,8.0,1.0,24.0,,,,12,MOW
427,2017-01-22,0.22465753424657534,8.0,1.0,27.0,,,,13,MOW
428,2017-01-29,0.24383561643835616,8.0,1.0,27.0,,,,14,MOW
429,2017-02-05,0.26301369863013696,8.0,2.0,27.0,,,,15,MOW
430,2017-02-12,0.2821917808219178,8.0,2.0,28.0,,,,16,MOW
431,2017-02-19,0.3013698630136986,8.0,2.0,28.0,,,,17,MOW
432,2017-02-26,0.32054794520547947,8.0,2.0,28.0,,,,18,MOW
433,2017-03-05,0.33972602739726027,8.0,2.0,28.0,,,,19,MOW
434,2017-03-12,0.3589041095890411,8.0,2.0,28.0,,,,20,MOW
435,2017-03-19,0.3780821917808219,8.0,2.0,28.0,,,,21,MOW
436,2017-03-26,0.3972602739726027,8.0,2.0,28.0,,,,22,MOW
437,2017-04-02,0.41643835616438357,8.0,2.0,28.0,,,,23,MOW
438,2017-04-09,0.43561643835616437,8.0,2.0,27.0,,,,24,MOW
439,2017-04-16,0.4547945205479452,8.0,2.0,27.0,,,,25,MOW
440,2017-04-23,0.473972602739726,8.0,2.0,27.0,,,,26,MOW
441,2017-04-30,0.4931506849315068,8.0,2.0,27.0,,,,27,MOW
442,2017-05-07,0.5123287671232877,8.0,3.0,27.0,,,,28,MOW
443,2017-05-14,0.5315068493150685,8.0,3.0,27.0,,,,29,MOW
444,2017-05-21,0.5506849315068493,8.0,3.0,27.0,,,,30,MOW
445,2017-05-28,0.5698630136986301,8.0,3.0,27.0,,,,31,MOW
446,2017-06-04,0.589041095890411,8.0,3.0,27.0,,,,32,MOW
447,2017-06-11,0.6082191780821918,8.0,3.0,27.0,,,,33,MOW
448,2017-06-18,0.6273972602739726,8.0,3.0,27.0,,,,34,MOW
449,2017-06-25,0.6465753424657534,8.0,3.0,27.0,,,,35,MOW
450,2017-07-02,0.6657534246575343,8.0,3.0,27.0,,,,36,MOW
451,2017-07-09,0.684931506849315,8.0,3.0,27.0,,,,37,MOW
452,2017-07-16,0.7041095890410959,8.0,3.0,27.0,,,,38,MOW
453,2017-07-23,0.7232876712328767,8.0,3.0,27.0,,,,39,MOW
454,2017-07-30,0.7424657534246575,8.0,3.0,27.0,,,,40,MOW
455,2017-08-06,0.7616438356164383,8.0,4.0,26.0,,,,41,MOW
456,2017-08-13,0.7808219178082192,8.0,4.0,26.0,,,,42,MOW
457,2017-08-20,0.8,8.0,4.0,26.0,,,,43,MOW
458,2017-08-27,0.8191780821917808,8.0,4.0,26.0,,,,44,MOW
459,2017-09-03,0.8383561643835616,8.0,4.0,26.0,,,,45,MOW
460,2017-09-10,0.8575342465753425,8.0,4.0,26.0,,,,46,MOW
461,2017-09-17,0.8767123287671232,8.0,4.0,26.0,,,,47,MOW
462,2017-09-24,0.8958904109589041,8.0,4.0,26.0,,,,48,MOW
463,2017-10-01,0.915068493150685,8.0,4.0,26.0,,,,49,MOW
464,2017-10-08,0.9342465753424658,8.0,4.0,26.0,,,,50,MOW
465,2017-10-15,0.9534246575342465,8.0,4.0,25.0,,,,51,MOW
0,2017-11-19,0.049315068493150684,0.0,1.0,1.0,,,,4,ODH
1,2017-11-26,0.0684931506849315,0.0,1.0,17.0,,,,5,ODH
2,2017-12-03,0.08767123287671233,0.0,1.0,20.0,,,,6,ODH
3,2017-12-10,0.10684931506849316,0.0,1.0,22.0,,,,7,ODH
4,2017-12-17,0.12602739726027398,0.0,1.0,26.0,,,,8,ODH
5,2017-12-24,0.14520547945205478,0.0,1.0,29.0,,,,9,ODH
6,2017-12-31,0.1643835616438356,0.0,1.0,34.0,,,,10,ODH
7,2018-01-07,0.18356164383561643,0.0,1.0,40.0,,,,11,ODH
8,2018-01-14,0.20273972602739726,0.0,1.0,40.0,,,,12,ODH
9,2018-01-21,0.2219178082191781,0.0,1.0,39.0,,,,13,ODH
10,2018-01-28,0.2410958904109589,0.0,1.0,39.0,,,,14,ODH
11,2018-02-04,0.2602739726027397,0.0,2.0,38.0,,,,15,ODH
12,2018-02-11,0.27945205479452057,0.0,2.0,37.0,,,,16,ODH
13,2018-02-18,0.29863013698630136,0.0,2.0,36.0,,,,17,ODH
14,2018-02-25,0.3178082191780822,0.0,2.0,36.0,,,,18,ODH
15,2018-03-04,0.336986301369863,0.0,2.0,36.0,,,,19,ODH
16,2018-03-11,0.3561643835616438,0.0,2.0,35.0,,,,20,ODH
17,2018-03-18,0.37534246575342467,0.0,2.0,34.0,,,,21,ODH
18,2018-03-25,0.39452054794520547,0.0,2.0,34.0,,,,22,ODH
19,2018-04-01,0.4136986301369863,0.0,2.0,33.0,,,,23,ODH
0,2016-12-18,0.13150684931506848,0.0,1.0,33.0,,,,8,PLAT
1,2016-12-25,0.1506849315068493,0.0,1.0,33.0,,,,9,PLAT
2,2017-01-01,0.16712328767123288,0.0,1.0,33.0,,,,10,PLAT
3,2017-01-08,0.1863013698630137,0.0,1.0,34.0,,,,11,PLAT
4,2017-01-15,0.2054794520547945,0.0,1.0,34.0,,,,12,PLAT
5,2017-01-22,0.22465753424657534,0.0,1.0,34.0,,,,13,PLAT
6,2017-01-29,0.24383561643835616,0.0,1.0,34.0,,,,14,PLAT
7,2017-02-05,0.26301369863013696,0.0,2.0,35.0,,,,15,PLAT
8,2017-02-12,0.2821917808219178,0.0,2.0,36.0,,,,16,PLAT
9,2017-02-19,0.3013698630136986,0.0,2.0,37.0,,,,17,PLAT
10,2017-02-26,0.32054794520547947,0.0,2.0,40.0,,,,18,PLAT
11,2017-03-05,0.33972602739726027,0.0,2.0,42.0,,,,19,PLAT
12,2017-03-12,0.3589041095890411,0.0,2.0,41.0,,,,20,PLAT
13,2017-03-19,0.3780821917808219,0.0,2.0,40.0,,,,21,PLAT
14,2017-03-26,0.3972602739726027,0.0,2.0,39.0,,,,22,PLAT
15,2017-04-02,0.41643835616438357,0.0,2.0,38.0,,,,23,PLAT
16,2017-04-09,0.43561643835616437,0.0,2.0,38.0,,,,24,PLAT
17,2017-04-16,0.4547945205479452,0.0,2.0,37.0,,,,25,PLAT
18,2017-04-23,0.473972602739726,0.0,2.0,36.0,,,,26,PLAT
19,2017-04-30,0.4931506849315068,0.0,2.0,36.0,,,,27,PLAT
20,2017-05-07,0.5123287671232877,0.0,3.0,35.0,,,,28,PLAT
21,2017-05-14,0.5315068493150685,0.0,3.0,34.0,,,,29,PLAT
22,2017-05-21,0.5506849315068493,0.0,3.0,33.0,,,,30,PLAT
23,2017-05-28,0.5698630136986301,0.0,3.0,30.0,,,,31,PLAT
24,2017-06-04,0.589041095890411,0.0,3.0,28.0,,,,32,PLAT
25,2017-06-11,0.6082191780821918,0.0,3.0,27.0,,,,33,PLAT
26,2017-06-18,0.6273972602739726,0.0,3.0,27.0,,,,34,PLAT
27,2017-06-25,0.6465753424657534,0.0,3.0,27.0,,,,35,PLAT
28,2017-07-02,0.6657534246575343,0.0,3.0,27.0,,,,36,PLAT
29,2017-07-09,0.684931506849315,0.0,3.0,26.0,,,,37,PLAT
30,2017-07-16,0.7041095890410959,0.0,3.0,26.0,,,,38,PLAT
31,2017-07-23,0.7232876712328767,0.0,3.0,26.0,,,,39,PLAT
32,2017-07-30,0.7424657534246575,0.0,3.0,26.0,,,,40,PLAT
33,2017-08-06,0.7616438356164383,0.0,4.0,26.0,,,,41,PLAT
34,2017-08-13,0.7808219178082192,0.0,4.0,25.0,,,,42,PLAT
35,2017-08-20,0.8,0.0,4.0,25.0,,,,43,PLAT
36,2017-08-27,0.8191780821917808,0.0,4.0,24.0,,,,44,PLAT
37,2017-09-03,0.8383561643835616,0.0,4.0,24.0,,,,45,PLAT
38,2017-09-10,0.8575342465753425,0.0,4.0,23.0,,,,46,PLAT
39,2017-09-17,0.8767123287671232,0.0,4.0,22.0,,,,47,PLAT
0,2009-11-08,0.019178082191780823,0.0,1.0,7.0,,,,2,SEF
1,2009-11-15,0.038356164383561646,0.0,1.0,7.0,,,,3,SEF
2,2009-11-22,0.057534246575342465,0.0,1.0,7.0,,,,4,SEF
3,2009-11-29,0.07671232876712329,0.0,1.0,7.0,7.0,,,5,SEF
4,2009-12-06,0.0958904109589041,0.0,1.0,11.0,11.0,,,6,SEF
5,2009-12-13,0.11506849315068493,0.0,1.0,16.0,15.0,1.0,,7,SEF
6,2009-12-20,0.13424657534246576,0.0,1.0,16.0,15.0,1.0,,8,SEF
7,2009-12-27,0.15342465753424658,0.0,1.0,16.0,15.0,2.0,,9,SEF
8,2010-01-03,0.1726027397260274,0.0,1.0,16.0,15.0,2.0,,10,SEF
9,2010-01-10,0.1917808219178082,0.0,1.0,16.0,15.0,3.0,,11,SEF
10,2010-01-17,0.21095890410958903,0.0,1.0,16.0,,,,12,SEF
11,2010-01-24,0.23013698630136986,0.0,1.0,16.0,,,,13,SEF
12,2010-01-31,0.2493150684931507,0.0,1.0,16.0,,,,14,SEF
13,2010-02-07,0.2684931506849315,0.0,2.0,16.0,,,,15,SEF
14,2010-02-14,0.2876712328767123,0.0,2.0,17.0,,,,16,SEF
15,2010-02-21,0.30684931506849317,0.0,2.0,17.0,,,,17,SEF
16,2010-02-28,0.32602739726027397,0.0,2.0,17.0,,,,18,SEF
17,2010-03-07,0.3452054794520548,0.0,2.0,17.0,,,,19,SEF
18,2010-03-14,0.3643835616438356,0.0,2.0,17.0,,,,20,SEF
19,2010-03-21,0.3835616438356164,0.0,2.0,17.0,,,,21,SEF
20,2010-03-28,0.40273972602739727,0.0,2.0,17.0,,,,22,SEF
21,2010-04-04,0.42191780821917807,0.0,2.0,18.0,,,,23,SEF
22,2010-04-11,0.4410958904109589,0.0,2.0,21.0,13.0,8.0,,24,SEF
23,2010-04-18,0.4602739726027397,0.0,2.0,18.0,5.0,8.0,15.0,25,SEF
24,2010-04-25,0.4794520547945205,0.0,2.0,16.0,4.0,7.0,12.0,26,SEF
25,2010-05-02,0.4986301369863014,0.0,3.0,16.0,4.0,6.0,9.0,27,SEF
26,2010-05-09,0.5178082191780822,0.0,3.0,16.0,4.0,6.0,7.0,28,SEF
27,2010-05-16,0.536986301369863,0.0,3.0,16.0,3.0,,4.0,29,SEF
28,2010-05-23,0.5561643835616439,0.0,3.0,16.0,10.0,5.0,1.0,30,SEF
29,2010-05-30,0.5753424657534246,0.0,3.0,13.0,7.0,4.0,2.0,31,SEF
30,2010-06-06,0.5945205479452055,0.0,3.0,6.0,4.0,4.0,2.0,32,SEF
31,2010-06-13,0.6136986301369863,0.0,3.0,6.0,4.0,3.0,2.0,33,SEF
32,2010-06-20,0.6328767123287671,0.0,3.0,6.0,4.0,3.0,2.0,34,SEF
33,2010-06-27,0.6520547945205479,0.0,3.0,6.0,4.0,2.0,2.0,35,SEF
34,2010-07-04,0.6712328767123288,0.0,3.0,6.0,2.0,2.0,2.0,36,SEF
35,2010-07-11,0.6904109589041096,0.0,3.0,6.0,2.0,2.0,2.0,37,SEF
36,2010-07-18,0.7095890410958904,0.0,3.0,6.0,3.0,2.0,2.0,38,SEF
37,2010-07-25,0.7287671232876712,0.0,3.0,6.0,4.0,2.0,2.0,39,SEF
38,2010-08-01,0.7479452054794521,0.0,4.0,6.0,4.0,2.0,,40,SEF
39,2010-08-08,0.7671232876712328,0.0,4.0,6.0,4.0,2.0,,41,SEF
40,2010-08-15,0.7863013698630137,0.0,4.0,6.0,4.0,2.0,,42,SEF
41,2010-08-22,0.8054794520547945,0.0,4.0,6.0,4.0,2.0,,43,SEF
42,2010-08-29,0.8246575342465754,0.0,4.0,5.0,4.0,2.0,,44,SEF
43,2010-09-05,0.8438356164383561,0.0,4.0,4.0,4.0,2.0,,45,SEF
44,2010-09-12,0.863013698630137,0.0,4.0,3.0,4.0,2.0,,46,SEF
45,2010-09-19,0.8821917808219178,0.0,4.0,3.0,,,,47,SEF
46,2010-09-26,0.9013698630136986,0.0,4.0,4.0,,,,48,SEF
47,2010-10-03,0.9205479452054794,0.0,4.0,4.0,,,,49,SEF
48,2010-10-10,0.9397260273972603,0.0,4.0,4.0,,,,50,SEF
117,2012-02-05,0.26301369863013696,2.0,2.0,27.0,,,,15,SEF
118,2012-02-12,0.2821917808219178,2.0,2.0,27.0,,,,16,SEF
119,2012-02-19,0.3013698630136986,2.0,2.0,27.0,,,,17,SEF
120,2012-02-26,0.32054794520547947,2.0,2.0,26.0,,,,18,SEF
121,2012-03-04,0.33972602739726027,2.0,2.0,26.0,,,,19,SEF
122,2012-03-11,0.3589041095890411,2.0,2.0,26.0,,,,20,SEF
124,2012-03-25,0.3972602739726027,2.0,2.0,25.0,,,,22,SEF
125,2012-04-01,0.41643835616438357,2.0,2.0,25.0,,,,23,SEF
126,2012-04-08,0.43561643835616437,2.0,2.0,25.0,,,,24,SEF
127,2012-04-15,0.4547945205479452,2.0,2.0,24.0,,,,25,SEF
128,2012-04-22,0.473972602739726,2.0,2.0,24.0,,,,26,SEF
129,2012-04-29,0.4931506849315068,2.0,2.0,24.0,,,,27,SEF
130,2012-05-06,0.5123287671232877,2.0,3.0,23.0,,,,28,SEF
131,2012-05-13,0.5315068493150685,2.0,3.0,22.0,,,,29,SEF
132,2012-05-20,0.5506849315068493,2.0,3.0,22.0,,,,30,SEF
133,2012-05-27,0.5698630136986301,2.0,3.0,21.0,,,,31,SEF
134,2012-06-03,0.589041095890411,2.0,3.0,20.0,,,,32,SEF
135,2012-06-10,0.6082191780821918,2.0,3.0,20.0,,,,33,SEF
136,2012-06-17,0.6273972602739726,2.0,3.0,20.0,,,,34,SEF
137,2012-06-24,0.6465753424657534,2.0,3.0,19.0,,,,35,SEF
138,2012-07-01,0.6657534246575343,2.0,3.0,19.0,,,,36,SEF
139,2012-07-08,0.684931506849315,2.0,3.0,19.0,,,,37,SEF
140,2012-07-15,0.7041095890410959,2.0,3.0,19.0,,,,38,SEF
141,2012-07-22,0.7232876712328767,2.0,3.0,19.0,,,,39,SEF
142,2012-07-29,0.7424657534246575,2.0,3.0,19.0,,,,40,SEF
143,2012-08-05,0.7616438356164383,2.0,4.0,19.0,,,,41,SEF
144,2012-08-12,0.7808219178082192,2.0,4.0,19.0,,,,42,SEF
145,2012-08-19,0.8,2.0,4.0,19.0,,,,43,SEF
146,2012-08-26,0.8191780821917808,2.0,4.0,19.0,,,,44,SEF
151,2012-09-30,0.915068493150685,2.0,4.0,19.0,,,,49,SEF
152,2012-10-07,0.9342465753424658,2.0,4.0,19.0,,,,50,SEF
153,2012-10-14,0.9534246575342465,2.0,4.0,19.0,,,,51,SEF
154,2012-10-21,0.9726027397260274,2.0,4.0,19.0,,,,52,SEF
155,2012-10-28,0.9917808219178083,2.0,4.0,19.0,,,,53,SEF
156,2012-11-04,0.010958904109589041,3.0,1.0,19.0,,,,1,SEF
157,2012-11-11,0.030136986301369864,3.0,1.0,19.0,,,,2,SEF
158,2012-11-18,0.049315068493150684,3.0,1.0,19.0,,,,3,SEF
290,2015-05-31,0.5780821917808219,5.0,3.0,35.0,,,,31,SEF
291,2015-06-07,0.5972602739726027,5.0,3.0,36.0,,,,32,SEF
292,2015-06-14,0.6164383561643836,5.0,3.0,37.0,,,,33,SEF
293,2015-06-21,0.6356164383561644,5.0,3.0,38.0,,,,34,SEF
294,2015-06-28,0.6547945205479452,5.0,3.0,38.0,,,,35,SEF
295,2015-07-05,0.673972602739726,5.0,3.0,38.0,,,,36,SEF
296,2015-07-12,0.6931506849315069,5.0,3.0,38.0,,,,37,SEF
297,2015-07-19,0.7123287671232876,5.0,3.0,37.0,,,,38,SEF
298,2015-07-26,0.7315068493150685,5.0,3.0,37.0,,,,39,SEF
299,2015-08-02,0.7506849315068493,5.0,4.0,37.0,,,,40,SEF
300,2015-08-09,0.7698630136986301,5.0,4.0,36.0,,,,41,SEF
301,2015-08-16,0.7890410958904109,5.0,4.0,36.0,,,,42,SEF
302,2015-08-23,0.8082191780821918,5.0,4.0,36.0,,,,43,SEF
303,2015-08-30,0.8273972602739726,5.0,4.0,29.0,,,,44,SEF
304,2015-09-06,0.8465753424657534,5.0,4.0,25.0,,,,45,SEF
305,2015-09-13,0.8657534246575342,5.0,4.0,25.0,,,,46,SEF
306,2015-09-20,0.8849315068493151,5.0,4.0,24.0,,,,47,SEF
307,2015-09-27,0.9041095890410958,5.0,4.0,24.0,,,,48,SEF
308,2015-10-04,0.9232876712328767,5.0,4.0,24.0,,,,49,SEF
311,2015-10-25,0.9808219178082191,5.0,4.0,23.0,,,,52,SEF
312,2015-11-01,0.0,6.0,1.0,16.0,,,,1,SEF
313,2015-11-08,0.019178082191780823,6.0,1.0,16.0,,,,2,SEF
314,2015-11-15,0.038356164383561646,6.0,1.0,16.0,,,,3,SEF
315,2015-11-22,0.057534246575342465,6.0,1.0,16.0,,,,4,SEF
316,2015-11-29,0.07671232876712329,6.0,1.0,16.0,,,,5,SEF
378,2017-02-05,0.26301369863013696,7.0,2.0,20.0,,,,15,SEF
379,2017-02-12,0.2821917808219178,7.0,2.0,28.0,,,,16,SEF
380,2017-02-19,0.3013698630136986,7.0,2.0,30.0,,,,17,SEF
381,2017-02-26,0.32054794520547947,7.0,2.0,30.0,,,,18,SEF
382,2017-03-05,0.33972602739726027,7.0,2.0,31.0,,,,19,SEF
383,2017-03-12,0.3589041095890411,7.0,2.0,32.0,,,,20,SEF
384,2017-03-19,0.3780821917808219,7.0,2.0,32.0,,,,21,SEF
385,2017-03-26,0.3972602739726027,7.0,2.0,32.0,,,,22,SEF
386,2017-04-02,0.41643835616438357,7.0,2.0,32.0,,,,23,SEF
387,2017-04-09,0.43561643835616437,7.0,2.0,33.0,,,,24,SEF
388,2017-04-16,0.4547945205479452,7.0,2.0,33.0,,,,25,SEF
389,2017-04-23,0.473972602739726,7.0,2.0,34.0,,,,26,SEF
390,2017-04-30,0.4931506849315068,7.0,2.0,34.0,,,,27,SEF
391,2017-05-07,0.5123287671232877,7.0,3.0,35.0,,,,28,SEF
392,2017-05-14,0.5315068493150685,7.0,3.0,35.0,,,,29,SEF
393,2017-05-21,0.5506849315068493,7.0,3.0,35.0,,,,30,SEF
394,2017-05-28,0.5698630136986301,7.0,3.0,35.0,,,,31,SEF
395,2017-06-04,0.589041095890411,7.0,3.0,35.0,,,,32,SEF
396,2017-06-11,0.6082191780821918,7.0,3.0,35.0,,,,33,SEF
397,2017-06-18,0.6273972602739726,7.0,3.0,35.0,,,,34,SEF
398,2017-06-25,0.6465753424657534,7.0,3.0,34.0,,,,35,SEF
399,2017-07-02,0.6657534246575343,7.0,3.0,34.0,,,,36,SEF
400,2017-07-09,0.684931506849315,7.0,3.0,34.0,,,,37,SEF
401,2017-07-16,0.7041095890410959,7.0,3.0,34.0,,,,38,SEF
402,2017-07-23,0.7232876712328767,7.0,3.0,34.0,,,,39,SEF
403,2017-07-30,0.7424657534246575,7.0,3.0,34.0,,,,40,SEF
404,2017-08-06,0.7616438356164383,7.0,4.0,33.0,,,,41,SEF
407,2017-08-27,0.8191780821917808,7.0,4.0,33.0,,,,44,SEF
408,2017-09-03,0.8383561643835616,7.0,4.0,33.0,,,,45,SEF
409,2017-09-10,0.8575342465753425,7.0,4.0,33.0,,,,46,SEF
410,2017-09-17,0.8767123287671232,7.0,4.0,32.0,,,,47,SEF
411,2017-09-24,0.8958904109589041,7.0,4.0,26.0,,,,48,SEF
412,2017-10-01,0.915068493150685,7.0,4.0,21.0,,,,49,SEF
413,2017-10-08,0.9342465753424658,7.0,4.0,20.0,,,,50,SEF
414,2017-10-15,0.9534246575342465,7.0,4.0,19.0,,,,51,SEF
415,2017-10-22,0.9726027397260274,7.0,4.0,17.0,,,,52,SEF
416,2017-10-29,0.9917808219178083,7.0,4.0,12.0,,,,53,SEF
417,2017-11-05,0.010958904109589041,8.0,1.0,7.0,,,,2,SEF
418,2017-11-12,0.030136986301369864,8.0,1.0,7.0,,,,3,SEF
419,2017-11-19,0.049315068493150684,8.0,1.0,7.0,,,,4,SEF
420,2017-11-26,0.0684931506849315,8.0,1.0,7.0,,,,5,SEF
421,2017-12-03,0.08767123287671233,8.0,1.0,7.0,,,,6,SEF
423,2017-12-17,0.12602739726027398,8.0,1.0,7.0,,,,8,SEF
424,2017-12-24,0.14520547945205478,8.0,1.0,7.0,,,,9,SEF
425,2017-12-31,0.1643835616438356,8.0,1.0,7.0,,,,10,SEF
426,2018-01-07,0.18356164383561643,8.0,1.0,7.0,,,,11,SEF
427,2018-01-14,0.20273972602739726,8.0,1.0,10.0,,,,12,SEF
428,2018-01-21,0.2219178082191781,8.0,1.0,11.0,,,,13,SEF
429,2018-01-28,0.2410958904109589,8.0,1.0,13.0,,,,14,SEF
430,2018-02-04,0.2602739726027397,8.0,2.0,16.0,,,,15,SEF
431,2018-02-11,0.27945205479452057,8.0,2.0,18.0,,,,16,SEF
432,2018-02-18,0.29863013698630136,8.0,2.0,18.0,,,,17,SEF
433,2018-02-25,0.3178082191780822,8.0,2.0,17.0,,,,18,SEF
434,2018-03-04,0.336986301369863,8.0,2.0,15.0,,,,19,SEF
435,2018-03-11,0.3561643835616438,8.0,2.0,14.0,,,,20,SEF
436,2018-03-18,0.37534246575342467,8.0,2.0,12.0,,,,21,SEF
437,2018-03-25,0.39452054794520547,8.0,2.0,11.0,,,,22,SEF
438,2018-04-01,0.4136986301369863,8.0,2.0,10.0,,,,23,SEF
0,2008-11-16,0.043835616438356165,0.0,1.0,6.0,,,,3,TRS
1,2008-11-23,0.06301369863013699,0.0,1.0,9.0,8.0,,1.0,4,TRS
2,2008-11-30,0.0821917808219178,0.0,1.0,10.0,10.0,,3.0,5,TRS
3,2008-12-07,0.10136986301369863,0.0,1.0,12.0,8.0,,5.0,6,TRS
4,2008-12-14,0.12054794520547946,0.0,1.0,14.0,7.0,,7.0,7,TRS
5,2008-12-21,0.13972602739726028,0.0,1.0,15.0,7.0,,8.0,8,TRS
6,2008-12-28,0.1589041095890411,0.0,1.0,15.0,6.0,,8.0,9,TRS
7,2009-01-04,0.17534246575342466,0.0,1.0,15.0,6.0,,7.0,10,TRS
8,2009-01-11,0.19452054794520549,0.0,1.0,14.0,6.0,,7.0,11,TRS
9,2009-01-18,0.2136986301369863,0.0,1.0,14.0,5.0,9.0,7.0,12,TRS
10,2009-01-25,0.2328767123287671,0.0,1.0,14.0,5.0,9.0,,13,TRS
11,2009-02-01,0.25205479452054796,0.0,2.0,14.0,6.0,9.0,,14,TRS
12,2009-02-08,0.27123287671232876,0.0,2.0,14.0,6.0,8.0,,15,TRS
13,2009-02-15,0.29041095890410956,0.0,2.0,14.0,7.0,8.0,,16,TRS
14,2009-02-22,0.3095890410958904,0.0,2.0,14.0,,,,17,TRS
18,2009-03-22,0.3863013698630137,0.0,2.0,14.0,,,,21,TRS
19,2009-03-29,0.4054794520547945,0.0,2.0,14.0,,,,22,TRS
20,2009-04-05,0.4246575342465753,0.0,2.0,14.0,,,,23,TRS
21,2009-04-12,0.4438356164383562,0.0,2.0,14.0,,,,24,TRS
22,2009-04-19,0.46301369863013697,0.0,2.0,14.0,11.0,,3.0,25,TRS
23,2009-04-26,0.4821917808219178,0.0,2.0,14.0,11.0,,3.0,26,TRS
24,2009-05-03,0.5013698630136987,0.0,3.0,14.0,11.0,,2.0,27,TRS
25,2009-05-10,0.5205479452054794,0.0,3.0,13.0,11.0,,2.0,28,TRS
26,2009-05-17,0.5397260273972603,0.0,3.0,13.0,11.0,,2.0,29,TRS
27,2009-05-24,0.5589041095890411,0.0,3.0,12.0,10.0,,2.0,30,TRS
28,2009-05-31,0.5780821917808219,0.0,3.0,12.0,9.0,,2.0,31,TRS
29,2009-06-07,0.5972602739726027,0.0,3.0,12.0,8.0,,2.0,32,TRS
30,2009-06-14,0.6164383561643836,0.0,3.0,11.0,7.0,,2.0,33,TRS
32,2009-06-28,0.6547945205479452,0.0,3.0,10.0,,,,35,TRS
33,2009-07-05,0.673972602739726,0.0,3.0,9.0,4.0,5.0,,36,TRS
34,2009-07-12,0.6931506849315069,0.0,3.0,9.0,4.0,4.0,,37,TRS
35,2009-07-19,0.7123287671232876,0.0,3.0,9.0,3.0,3.0,3.0,38,TRS
36,2009-07-26,0.7315068493150685,0.0,3.0,8.0,3.0,3.0,3.0,39,TRS
37,2009-08-02,0.7506849315068493,0.0,4.0,8.0,3.0,3.0,3.0,40,TRS
38,2009-08-09,0.7698630136986301,0.0,4.0,8.0,3.0,3.0,3.0,41,TRS
39,2009-08-16,0.7890410958904109,0.0,4.0,8.0,3.0,3.0,3.0,42,TRS
40,2009-08-23,0.8082191780821918,0.0,4.0,8.0,,,,43,TRS
41,2009-08-30,0.8273972602739726,0.0,4.0,8.0,,,,44,TRS
42,2009-09-06,0.8465753424657534,0.0,4.0,8.0,,,,45,TRS
43,2009-09-13,0.8657534246575342,0.0,4.0,8.0,,,,46,TRS
44,2009-09-20,0.8849315068493151,0.0,4.0,8.0,,,,47,TRS
45,2009-09-27,0.9041095890410958,0.0,4.0,8.0,,,,48,TRS
0,2012-11-25,0.0684931506849315,0.0,1.0,11.0,,,,4,WA
1,2012-12-02,0.08767123287671233,0.0,1.0,11.0,,,,5,WA
2,2012-12-09,0.10684931506849316,0.0,1.0,11.0,,,,6,WA
3,2012-12-16,0.12602739726027398,0.0,1.0,11.0,,,,7,WA
4,2012-12-23,0.14520547945205478,0.0,1.0,11.0,,,,8,WA
5,2012-12-30,0.1643835616438356,0.0,1.0,11.0,,,,9,WA
6,2013-01-06,0.18082191780821918,0.0,1.0,11.0,,,,10,WA
7,2013-01-13,0.2,0.0,1.0,11.0,,,,11,WA
8,2013-01-20,0.2191780821917808,0.0,1.0,11.0,,,,12,WA
9,2013-01-27,0.23835616438356164,0.0,1.0,11.0,,,,13,WA
10,2013-02-03,0.25753424657534246,0.0,2.0,11.0,,,,14,WA
11,2013-02-10,0.27671232876712326,0.0,2.0,11.0,,,,15,WA
12,2013-02-17,0.2958904109589041,0.0,2.0,11.0,,,,16,WA
13,2013-02-24,0.3150684931506849,0.0,2.0,11.0,,,,17,WA
14,2013-03-03,0.33424657534246577,0.0,2.0,14.0,,,,18,WA
15,2013-03-10,0.35342465753424657,0.0,2.0,16.0,,,,19,WA
16,2013-03-17,0.3726027397260274,0.0,2.0,18.0,,,,20,WA
17,2013-03-24,0.3917808219178082,0.0,2.0,20.0,,,,21,WA
18,2013-03-31,0.410958904109589,0.0,2.0,21.0,,,,22,WA
19,2013-04-07,0.4301369863013699,0.0,2.0,21.0,,,,23,WA
20,2013-04-14,0.44931506849315067,0.0,2.0,20.0,,,,24,WA
21,2013-04-21,0.4684931506849315,0.0,2.0,20.0,,,,25,WA
22,2013-04-28,0.4876712328767123,0.0,2.0,20.0,,,,26,WA
41,2013-09-08,0.852054794520548,0.0,4.0,15.0,,,,45,WA
42,2013-09-15,0.8712328767123287,0.0,4.0,15.0,,,,46,WA
43,2013-09-22,0.8904109589041096,0.0,4.0,15.0,,,,47,WA
44,2013-09-29,0.9095890410958904,0.0,4.0,15.0,,,,48,WA
45,2013-10-06,0.9287671232876712,0.0,4.0,14.0,,,,49,WA
46,2013-10-13,0.947945205479452,0.0,4.0,11.0,,,,50,WA
47,2013-10-20,0.9671232876712329,0.0,4.0,8.0,,,,51,WA
