,Date,Unnamed: 0,Unnamed: 0.1,ObservationTimeApproximate,UTMNorthing,UTMEasting,LocationApproximate,ST,SM,SF,SU,SA,SAM,SAF,SAFP,SAFL,SAFEN,SAU,SS,SSM,SSF,SSU,SJ,SJM,SJF,SJU,IT,IM,IF,IU,IA,IAM,IAF,IAFP,IAFL,IAFEN,IAU,IS,ISM,ISF,ISU,IJ,IJM,IJF,IJU,T,A,S,J,TDiff,ObsYear,ObsMonth,week,tdate,tdint,quarter
0,2008-05-11,1.0,3.0,0.0,16054168.0,598361.0,0.0,64.0,,,,26.0,,,,,,,7.0,,,,0.0,,,,1.0,,,,,,,,,,,,,,,,,,,65.0,26.0,7.0,,,4016.0,10.0,56,1.0520547945205478,-2.0,6.0
1,2008-05-18,24.6,49.06666666666666,0.0,32123526.2,1218510.2666666666,0.0,48.83333333333333,,,38.5,38.66666666666667,,,,,,30.5,4.333333333333333,,,4.0,5.333333333333333,,,7.0,1.0,,,1.0,1.0,,,,,,1.0,,,,,,,,,87.0,60.0,14.0,8.0,-37.25,8032.0,20.0,145,2.7260273972602738,-5.0,15.0
2,2008-05-25,88.125,238.875,0.0,40149651.375,1514827.875,0.0,97.375,,,,40.875,,,,,,,6.0,,,,9.875,,,,2.0,,,,1.0,,,,,,,,,,,,,,,99.0,58.0,17.0,10.0,21.25,10040.0,25.0,150,2.8219178082191783,-5.0,15.0
3,2008-06-01,173.3,519.8,0.0,40150962.4,1515159.0333333332,0.0,99.4,,,,28.666666666666664,,,,,,,30.444444444444443,,,,4.777777777777778,,,,2.0,,,,1.0,,,,,,,,,,,,,,,101.0,38.0,30.0,7.0,5.633333333333334,10040.0,25.2,155,2.9178082191780823,-5.0,15.0
4,2008-06-08,368.1833333333333,1044.0190476190478,0.0,48181305.77380952,1826819.4047619046,0.0,130.74285714285713,,,,48.857142857142854,,,,,,,69.0,,,,14.464285714285715,,,,,,,,,,,,,,,,,,,,,,,131.0,57.0,72.0,15.0,5.771428571428571,12048.0,36.0,192,3.616438356164383,-6.0,18.0
5,2008-06-15,498.35238095238094,1275.3857142857144,0.0,40153449.45,1523948.4142857143,0.0,88.75952380952381,,,,70.0,,,,,,,35.2,,,,5.5,,,,1.0,,,,1.0,,,,,,,,,,,,,,,121.0,83.0,51.0,16.0,1.5309523809523808,10040.0,30.0,198,3.7315068493150685,-6.0,18.0
6,2008-06-22,733.2878787878788,1895.560606060606,0.0,48181318.06060606,1826263.9696969697,0.0,119.86363636363636,3.0,5.0,0.0,40.666666666666664,1.0,1.0,,,,,12.0,0.0,4.0,,3.333333333333333,2.0,0.0,,1.5,,,,0.0,,,,,,,0.0,,,,0.0,,,,121.0,78.0,48.0,15.0,-21.68181818181818,12048.0,36.0,204,3.846575342465754,-6.0,18.0
7,2008-06-29,765.6739130434783,1902.445652173913,0.0,40153276.706521735,1523974.4673913042,0.0,82.70652173913044,6.0,5.5,6.5,53.0,2.0,,,,,,25.0,,,,6.75,,1.0,,1.3333333333333333,,,,,,,,,,,,,,,,,,,114.0,71.0,46.0,21.0,-6.576086956521739,10040.0,30.0,210,3.9616438356164383,-6.0,18.0
8,2008-07-06,937.5714285714286,2268.2142857142853,0.0,40153269.9047619,1524046.214285714,0.0,96.71428571428571,10.0,5.0,3.6666666666666665,71.0,7.0,2.0,,,,,34.333333333333336,0.0,4.0,,6.0,0.0,0.5,2.0,3.0,3.0,1.0,,3.0,,1.0,,,,,,,,,,,,,127.0,87.0,49.0,22.0,15.714285714285715,10040.0,34.66666666666667,216,4.076712328767123,-6.0,18.0
9,2008-07-13,1289.7272727272727,3068.015151515152,0.0,48181478.803030305,1826422.7575757576,0.0,102.4090909090909,9.0,10.0,25.0,42.0,9.0,6.0,,,,,27.0,,4.0,,11.0,,0.0,2.0,1.0,,,,1.0,,,,,,,,,,,,,,,102.0,66.0,52.0,21.0,-13.939393939393941,12048.0,42.0,222,4.191780821917808,-6.0,18.0
10,2008-07-20,1130.6,2810.8,0.0,40155309.1,1530098.8,0.0,88.3,3.0,3.0,0.0,2.0,1.0,1.0,,,,,2.0,0.0,2.0,,2.0,2.0,0.0,,1.0,,,,,,,,,,,,,,,,,,,129.0,64.0,50.0,21.0,14.0,10040.0,35.0,228,4.306849315068494,-6.0,18.0
11,2008-07-27,1428.5,3828.6666666666665,0.0,48181404.83333333,1826626.1666666667,0.0,140.83333333333331,1.0,3.0,2.0,2.0,1.0,1.0,,,,,3.0,,2.0,,1.0,,0.0,,1.0,1.0,,,,1.0,,,,,,,,,,,,,,142.0,62.0,47.0,23.0,21.5,12048.0,42.0,234,4.421917808219178,-6.0,18.0
12,2008-08-03,245.5,683.5,0.0,8030118.5,303560.5,0.0,7.0,,,,,,,,,,,,,,,,,,,,,,,,,,,,,,,,,,,,,,118.0,62.0,46.0,18.0,-7.0,2008.0,8.0,240,4.536986301369863,-6.0,24.0
13,2008-08-10,1016.6153846153846,2833.923076923077,0.0,32122519.846153848,1223193.923076923,0.0,73.3076923076923,7.0,16.0,25.0,6.0,1.0,11.0,,,,,2.0,,,,0.0,,,,1.0,,,,,,,,,,,,,,,,,,,117.0,41.0,23.0,12.0,4.153846153846154,8032.0,32.0,246,4.652054794520548,-6.0,24.0
14,2008-08-17,1078.7,3073.4333333333334,0.0,32127452.6,1228341.5666666667,0.0,48.333333333333336,1.0,5.0,2.0,2.0,1.0,1.0,,,,,4.0,,4.0,,2.0,,0.0,2.0,1.0,,,,,,,,,,,,,,,,,,,102.0,2.0,4.0,2.0,-0.5,8032.0,32.0,252,4.767123287671232,-6.0,24.0
15,2008-08-24,1142.7692307692307,3395.923076923077,0.0,32127211.384615384,1227654.846153846,0.0,47.84615384615385,3.0,5.0,0.0,6.0,1.0,5.0,,,,,2.0,2.0,,,0.0,0.0,,,,,,,,,,,,,,,,,,,,,,91.0,6.0,2.0,2.0,-3.3846153846153846,8032.0,32.0,258,4.882191780821918,-6.0,24.0
16,2008-08-31,1566.5217391304348,4569.352173913044,0.0,40153472.44347826,1523889.0826086956,0.0,41.92173913043479,3.333333333333333,4.0,0.0,,3.0,4.0,,,,,,1.0,,,,0.0,,,2.0,,,,,,,,,,,,,,,,,,,70.0,6.0,2.0,2.0,-48.15217391304348,10040.0,40.0,264,4.997260273972603,-6.0,24.0
17,2008-09-07,1341.1410256410256,3928.096153846154,0.0,32127150.461538464,1227736.3012820513,0.0,45.64102564102564,1.0,,,,1.0,,,,,,,,,,,,,,,,,,,,,,,,,,,,,,,,,83.0,6.0,2.0,2.0,4.0256410256410255,8032.0,36.0,270,5.112328767123288,-6.0,24.0
18,2008-09-14,1791.7916666666667,5248.291666666667,0.0,40149187.02083333,1519599.6458333333,0.0,79.45833333333334,,,,,,,,,,,,,,,,,,,,,,,,,,,,,,,,,,,,,,89.0,6.0,2.0,2.0,1.520833333333333,10040.0,45.0,276,5.227397260273972,-6.0,24.0
19,2008-09-21,375.5,1104.5,0.0,8030222.4,303528.7,0.0,11.2,,,,,,,,,,,,,,,,,,,,,,,,,,,,,,,,,,,,,,86.0,6.0,2.0,,1.1,2008.0,9.0,282,5.342465753424657,-6.0,24.0
20,2008-09-28,388.0,1139.8666666666666,0.0,8030208.866666666,303519.5333333333,0.0,10.2,,,,,,,,,,,,,,,,,,,,,,,,,,,,,,,,,,,,,,80.0,,,,0.6,2008.0,9.0,288,5.457534246575343,-6.0,24.0
21,2008-10-05,2035.5333333333335,5952.7,0.0,40154843.93333334,1530825.8333333335,0.0,61.66666666666667,,,,,,,,,,,,,,,,,,,2.0,,,,,,,,,,,,,,,,,,,80.0,,,,-8.033333333333333,10040.0,49.166666666666664,294,5.572602739726027,-6.0,24.0
22,2008-10-12,1288.9166666666667,3745.916666666667,0.0,24094766.083333332,920720.4166666667,0.0,35.5,2.5,4.0,1.0,5.5,1.0,4.0,1.0,,,,2.0,1.5,,1.0,0.0,0.0,,,1.0,,1.0,,1.0,,1.0,,,,,,,,,,,,,80.0,6.0,2.0,,-2.166666666666667,6024.0,30.0,300,5.6876712328767125,-6.0,24.0
23,2008-10-19,1322.5555555555557,3858.8888888888887,0.0,24094131.111111112,920648.5555555555,0.0,36.111111111111114,3.0,5.0,0.0,,1.0,5.0,6.0,,,,,2.0,,,,0.0,,,,,,,,,,,,,,,,,,,,,,66.0,6.0,2.0,,4.888888888888889,6024.0,30.0,306,5.802739726027397,-6.0,24.0
24,2008-10-26,2289.7333333333336,6696.366666666667,0.0,40154915.8,1531102.5,0.0,61.93333333333334,,,,,,,3.0,,,,,,,,,,,,3.5,2.0,1.0,0.0,,2.0,1.0,,,,,,,,,,,,,64.0,6.0,2.0,,6.6,10040.0,50.0,312,5.917808219178083,-6.0,24.0
25,2008-11-02,1891.4545454545455,5586.151515151515,0.0,32110809.424242422,1200637.3636363638,0.0,57.96969696969697,,,,,,,3.0,,,,,,,,,,,,1.0,,1.0,,1.0,,1.0,,,,,,,,,,,,,84.0,6.0,2.0,,-12.727272727272727,8032.0,40.09090909090909,7,0.03835616438356164,0.0,7.0
26,2008-11-09,490.0,1431.0,0.0,8030141.94117647,303538.29411764705,0.0,8.705882352941176,,,,,,,,,,,,,,,,,,,,,,,,,,,,,,,,,,,,,,78.0,8.0,2.0,,-0.058823529411764705,2008.0,11.0,14,0.1726027397260274,0.0,7.0
27,2008-11-16,2509.5,7247.5,0.0,40153867.5,1529175.5,0.0,37.0,14.0,8.0,3.0,25.0,14.0,8.0,3.0,,,1.0,,,,,,,,,3.0,3.0,,,,3.0,,,,,,,,,,,,,,64.0,29.0,,,-17.5,10040.0,55.0,21,0.3068493150684931,0.0,7.0
28,2008-11-23,1552.9772727272727,4493.909090909091,0.0,24088900.454545453,907262.3636363636,0.0,23.210526315789473,1.25,1.5,3.1333333333333333,15.157894736842106,1.6666666666666667,1.5,,,,3.2857142857142856,-13.0,,,0.0,14.0,,,1.0,1.0769230769230769,1.0,1.0,0.0,1.0769230769230769,1.0,1.0,,,,,,,,,,,,,62.0,48.0,0.0,1.0,-2.0454545454545454,6024.0,33.0,28,0.441095890410959,0.0,7.0
29,2008-11-30,3902.219047619048,11183.930952380953,0.0,56207859.10952381,2125407.930952381,0.0,69.6595238095238,4.666666666666667,7.0,11.777777777777779,56.73333333333333,4.0,7.0,1.0,,,4.777777777777778,2.0,2.0,,,30.0,0.0,,,2.333333333333333,1.0,2.0,0.0,2.333333333333333,1.0,2.0,,,,,,,,,,,,,71.0,74.0,3.0,33.0,-4.333333333333334,14056.0,77.0,35,0.5753424657534246,0.0,7.0
30,2008-12-07,2915.5,8289.833333333334,0.0,40155261.833333336,1530676.1666666667,0.0,33.333333333333336,1.0,,,23.5,1.0,,1.0,,,,-1.0,,,,8.0,,,,4.0,1.0,1.0,,2.0,1.0,1.0,,,,,,,,,,,,,62.0,56.0,1.0,20.0,-0.6666666666666667,10040.0,60.0,42,0.7095890410958905,0.0,7.0
31,2008-12-14,2974.5,8420.5,0.0,40155674.75,1530027.0,0.0,69.25,,,,37.0,,,1.0,,,,0.0,,,,35.0,,,,2.0,1.0,1.0,,2.0,1.0,1.0,,,,,,,,,,,,,99.0,71.0,2.0,43.0,26.0,10040.0,60.0,49,0.843835616438356,0.0,7.0
32,2008-12-21,4246.5,12094.833333333334,0.0,56208186.0,2127913.666666667,0.0,91.33333333333333,,,,52.166666666666664,,,3.0,,,,0.3333333333333333,,,,20.333333333333332,,,,3.0,1.0,,,3.0,1.0,,,,,,,,,,,,,,93.0,80.0,4.0,41.0,-16.833333333333336,14056.0,84.0,56,0.9780821917808219,0.0,7.0
33,2008-12-28,1842.0,5238.0,0.0,24096604.0,915398.0,0.0,25.0,3.0,1.0,4.0,12.0,3.0,1.0,,,,,0.0,,,,9.0,,,4.0,1.0,,1.0,,1.0,,1.0,,,,,,,,,,,,,88.0,73.0,4.0,39.0,-18.0,6024.0,36.0,63,1.1123287671232878,0.0,7.0
34,2009-01-04,3106.6666666666665,8837.333333333334,0.0,40150596.33333333,1513953.6666666667,0.0,61.33333333333333,,,,46.0,,,6.0,,,,0.0,,,,14.0,,,,1.0,,1.0,,1.0,,1.0,,,,,,,,,,,,,96.0,74.0,7.0,36.0,17.0,10041.0,49.0,70,1.2273972602739724,0.0,7.0
35,2009-01-11,3179.3888888888887,8995.888888888889,0.0,40148801.722222224,1519013.388888889,0.0,45.833333333333336,,,,27.5,,,5.0,,,,0.0,,,,9.0,,,,1.0,,1.0,,1.0,,1.0,,,,,,,,,,,,,80.0,68.0,7.0,42.0,-20.22222222222222,10045.0,5.0,77,1.3616438356164384,0.0,7.0
36,2009-01-18,3906.0833333333335,11109.25,0.0,48180389.25,1821831.5833333333,0.0,78.5,4.0,2.0,4.0,43.0,4.0,2.0,1.0,,,,15.166666666666668,,,,17.5,,,,2.0,,1.0,,2.0,,1.0,,,,,,,,,,,,,94.0,52.0,17.0,49.0,9.5,12054.0,6.0,84,1.4958904109589042,0.0,7.0
37,2009-01-25,3329.3,9453.7,0.0,40153255.0,1524280.4,0.0,56.0,,,,26.5,,,,,,,13.5,,,,10.0,,,,1.0,,1.0,,1.0,,1.0,,,,,,,,,,,,,99.0,52.0,18.0,49.0,-10.1,10045.0,5.0,91,1.63013698630137,0.0,7.0
38,2009-02-01,2718.375,7704.625,0.0,32115720.25,1214325.625,0.0,110.75,,,,60.0,,,2.0,,,,14.0,,,,29.5,,,,,,,,,,,,,,,,,,,,,,,140.0,78.0,34.0,59.0,38.0,8036.0,4.0,98,1.764383561643836,0.0,14.0
39,2009-02-08,3477.3333333333335,9795.833333333332,0.0,40144127.41666667,1506403.75,0.0,56.25,,,,34.0,,,,,,,17.0,,,,15.5,,,,1.0,,1.0,,1.0,,1.0,,,,,,,,,,,,,94.0,56.0,31.0,56.0,-21.166666666666664,10045.0,10.0,105,1.8986301369863017,0.0,14.0
40,2009-02-15,709.0,1984.0,0.0,8030127.333333333,303502.1111111111,0.0,16.77777777777778,,,,5.0,,,,,,,6.333333333333333,,,,0.0,,,,,,,,,,,,,,,,,,,,,,,98.0,54.0,31.0,55.0,1.8888888888888888,2009.0,2.0,112,2.032876712328767,0.0,14.0
41,2009-02-22,2148.5,5977.0,0.0,24087745.5,911600.5,0.0,72.5,6.0,,,27.5,6.0,,2.0,,,,0.0,,,,17.5,,,,,,,,,,,,,,,,,,,,,,,111.0,57.0,30.0,38.0,6.0,6027.0,6.0,119,2.1671232876712327,0.0,14.0
42,2009-03-01,,,,,,,,,,,,,,,,,,,,,,,,,,,,,,,,,,,,,,,,,,,,,83.0,59.0,20.0,32.0,,,,126,2.3013698630136985,0.0,14.0
43,2009-03-08,2195.0,6053.763157894737,0.0,24094658.289473683,920664.6315789474,0.0,31.157894736842103,,,,23.5,,,,,,,8.5,,,,6.5,,,,,,,,,,,,,,,,,,,,,,,68.0,65.0,24.0,25.0,-13.0,6027.0,9.0,133,2.4356164383561643,0.0,14.0
44,2009-03-15,1532.5,4112.5,0.0,16056232.38235294,599264.8823529412,0.0,20.235294117647058,,,,,,,,,,,,,,,,,,,,,,,,,,,,,,,,,,,,,,34.0,43.0,9.0,18.0,-7.9411764705882355,4018.0,6.0,140,2.56986301369863,0.0,14.0
45,2009-03-22,4827.462121212121,12595.416666666666,0.0,48179621.61363636,1822314.4545454546,0.0,60.31818181818182,,,,35.0,,,,,,,12.0,,,,0.0,,,,,,,,,,,,,,,,,,,,,,,60.0,61.0,15.0,18.0,9.424242424242424,12054.0,18.0,147,2.7041095890410958,0.0,14.0
46,2009-03-29,4231.763157894737,10782.157894736842,0.0,40148965.39473684,1519241.1578947369,0.0,58.44736842105263,,,,18.0,,,,,,,16.0,,,,3.3333333333333335,,,,,,,,,,,,,,,,,,,,,,,83.0,36.0,24.0,16.0,-10.921052631578949,10045.0,15.0,154,2.838356164383562,0.0,14.0
47,2009-04-05,1749.6666666666665,4409.333333333334,0.0,16063258.333333332,608475.8333333333,0.0,22.0,,,,4.0,,,,,,,0.0,,,,6.0,,,,,,,,,,,,,,,,,,,,,,,104.0,41.0,22.0,20.0,8.0,4018.0,7.833333333333334,161,2.9726027397260273,0.0,14.0
48,2009-04-12,879.5,2213.5,0.0,8030461.5,303636.75,0.0,5.75,,,,11.0,,,,,,,0.0,,,,3.0,,,,,,,,,,,,,,,,,,,,,,,109.0,47.0,19.0,7.0,-1.75,2009.0,4.0,168,3.1068493150684935,0.0,14.0
49,2009-04-19,4444.666666666666,11247.761904761905,0.0,40155933.14285714,1528930.0,0.0,71.5952380952381,1.0,2.0,4.0,54.36666666666667,1.0,2.0,,,,,11.933333333333334,,,,15.333333333333334,,,,1.0,,1.0,,1.0,,1.0,,,,,,,,,,,,,145.0,59.0,21.0,14.0,-3.571428571428571,10045.0,20.0,175,3.241095890410959,0.0,14.0
50,2009-04-26,902.5,2309.2,0.0,8031580.2,304303.8,0.0,31.5,,,,22.0,,,,,,,4.0,,,,8.0,,,,,,,,,,,,,,,,,,,,,,,164.0,58.0,15.0,14.0,-1.4,2009.0,4.0,182,3.375342465753424,0.0,14.0
51,2009-05-03,4572.111111111111,11856.722222222223,0.0,40150884.5,1520344.5,0.0,154.27777777777777,7.0,14.0,23.0,60.5,7.0,14.0,,,,23.0,21.0,,,,15.857142857142858,,,,,,,,,,,,,,,,,,,,,,,178.0,94.0,25.0,21.0,86.88888888888889,10045.0,20.444444444444443,189,3.5095890410958908,0.0,21.0
52,2009-05-10,2781.714285714286,7222.214285714286,0.0,24094728.85714286,922129.0,0.0,39.85714285714286,,,,16.0,,,,,,,4.0,,,,5.0,,,,,,,,,,,,,,,,,,,,,,,159.0,92.0,18.0,19.0,-3.0714285714285716,6027.0,15.0,196,3.6438356164383556,0.0,21.0
53,2009-05-17,3755.6666666666665,9740.333333333334,0.0,32127836.916666668,1229039.9166666667,0.0,56.5,2.0,1.0,5.0,11.0,2.0,1.0,,,,,5.666666666666667,,,,1.3333333333333333,,,,,,,,,,,,,,,,,,,,,,,156.0,88.0,25.0,19.0,1.4166666666666665,8036.0,20.0,203,3.7780821917808223,0.0,21.0
54,2009-05-24,2856.75,7415.3,0.0,24094604.15,921816.15,0.0,37.7,1.0,1.0,5.0,22.0,1.0,1.0,,,,,15.0,,,,0.0,,,,,,,,,,,,,,,,,,,,,,,121.0,71.0,25.0,15.0,-3.5,6027.0,15.0,210,3.9123287671232876,0.0,21.0
55,2009-05-31,5909.85,15238.6,0.0,48175376.7,1818159.45,0.0,133.65,1.0,1.0,5.0,34.0,1.0,1.0,,,,,24.0,,,,0.0,,,,,,,,,,,,,,,,,,,,,,,144.0,82.0,34.0,15.0,-15.8,12054.0,30.0,217,4.0465753424657525,0.0,21.0
56,2009-06-07,5008.0,12867.5,0.0,40149060.83333333,1520806.8333333333,0.0,93.66666666666667,5.0,4.0,10.0,28.0,5.0,4.0,,,,,20.0,,,,0.0,,,,,,,,,,,,,,,,,,,,,,,127.0,37.0,28.0,7.0,3.333333333333333,10045.0,30.0,224,4.180821917808219,0.0,21.0
57,2009-06-14,5055.0,12942.0,0.0,40152423.0,1525053.0,0.0,111.0,7.0,4.0,10.0,21.0,7.0,4.0,,,,10.0,2.0,,,,0.0,,,,,,,,,,,,,,,,,,,,,,,139.0,54.0,30.0,2.0,14.0,10045.0,30.0,231,4.315068493150686,0.0,21.0
58,2009-06-21,4062.5,10755.0,0.0,32118563.0,1216859.5,0.0,74.5,1.0,6.0,0.0,3.0,1.0,2.0,,,,,4.0,,4.0,,0.0,,0.0,,,,,,,,,,,,,,,,,,,,,126.0,45.0,28.0,,1.5,8036.0,24.0,238,4.449315068493151,0.0,21.0
59,2009-06-28,4092.166666666667,13461.0,0.0,32128847.166666668,1228681.5,0.0,53.5,4.5,5.0,4.0,18.666666666666668,4.5,3.0,,,,,25.0,,4.0,,0.0,,0.0,,,,,,,,,,,,,,,,,,,,,125.0,41.0,29.0,,-2.0,8036.0,24.0,245,4.583561643835616,0.0,21.0
60,2009-07-05,3099.25,11913.0,0.0,24094289.25,923403.5,0.0,50.25,4.0,3.0,1.0,12.0,,,,,,,16.0,,,,1.0,,,,,,,,,,,,,,,,,,,,,,,124.0,44.0,36.0,1.0,9.25,6027.0,20.5,252,4.717808219178082,0.0,21.0
61,2009-07-12,5202.0,21748.666666666668,0.0,40147716.33333333,1514622.0,0.0,87.0,21.5,7.5,4.5,32.0,18.0,4.5,,,,3.0,17.0,6.0,6.0,,0.0,0.0,0.0,,,,,,,,,,,,,,,,,,,,,117.0,47.0,34.0,1.0,-11.333333333333336,10045.0,35.0,259,4.852054794520549,0.0,21.0
62,2009-07-19,5237.0,23515.5,0.0,40149832.0,1514500.0,0.0,99.5,4.0,3.0,13.0,17.0,4.0,3.0,,,,8.0,8.0,,,5.0,3.0,,,0.0,1.0,,,,1.0,,,,,,,,,,,,,,,146.0,62.0,37.0,5.0,23.5,10045.0,35.0,266,4.986301369863014,0.0,21.0
63,2009-07-26,3156.0,15753.0,0.0,24098485.0,918095.0,0.0,39.0,,,,,,,,,,,,,,,,,,,,,,,,,,,,,,,,,,,,,,160.0,65.0,35.0,5.0,-8.0,6027.0,21.0,273,5.120547945205479,0.0,21.0
64,2009-08-02,6342.0,33683.5,0.0,48178164.5,1821114.0,0.0,171.0,,,,,,,,,,,,,,,,,,,,,,,,,,,,,,,,,,,,,,178.0,53.0,22.0,6.0,19.5,12054.0,42.0,280,5.254794520547945,0.0,28.0
65,2009-08-09,,,,,,,,,,,,,,,,,,,,,,,,,,,,,,,,,,,,,,,,,,,,,160.0,53.0,21.0,3.0,,,,287,5.38904109589041,0.0,28.0
66,2009-08-16,4250.5,23735.5,0.0,32119976.5,1219464.5,0.0,85.5,,,,,,,,,,,,,,,,,,,,,,,,,,,,,,,,,,,,,,143.0,19.0,8.0,3.0,7.0,8036.0,32.0,294,5.523287671232877,0.0,28.0
67,2009-08-23,7500.0,42658.0,0.0,56210120.5,2128274.0,0.0,117.0,,,,,,,,,,,,,,,,,,,,,,,,,,,,,,,,,,,,,,117.0,,,,-39.0,14063.0,56.0,301,5.657534246575342,0.0,28.0
68,2009-08-30,1078.0,6352.0,0.0,8031508.0,312131.0,0.0,14.0,,,,,,,,,,,,,,,,,,,,,,,,,,,,,,,,,,,,,,128.0,,,,-6.0,2009.0,8.0,308,5.791780821917809,0.0,28.0
69,2009-09-06,5419.0,34882.33333333333,0.0,40149281.5,1519809.5,0.0,94.66666666666666,11.0,2.0,33.0,44.0,10.0,2.0,,,,26.0,3.0,1.0,,2.0,5.0,0.0,,5.0,,,,,,,,,,,,,,,,,,,,139.0,44.0,3.0,5.0,38.0,10045.0,44.666666666666664,315,5.926027397260273,0.0,28.0
70,2009-09-13,4362.75,28822.25,0.0,32120571.0,1218046.0,0.0,45.5,,,,7.0,,,,,,,,,,,,,,,,,,,,,,,,,,,,,,,,,,113.0,47.0,3.0,5.0,-23.75,8036.0,36.0,322,6.060273972602738,0.0,28.0
71,2009-09-20,5516.333333333334,36869.666666666664,0.0,40149802.166666664,1514262.5,0.0,92.95833333333333,2.0,,,,2.0,,,,,,,,,,,,,,1.5,1.0,1.0,0.0,,1.0,,,,,,,,1.0,,,,,,144.0,41.0,4.0,5.0,30.333333333333332,10045.0,45.0,329,6.194520547945206,0.0,28.0
72,2009-09-27,3384.5,22695.1,0.0,24089262.5,907214.4,0.0,51.0,,,,,,,,,,,,,,,,,,,2.0,,,,,,,,,,,,,,,,,,,139.0,37.0,4.0,5.0,9.0,6027.0,27.0,336,6.328767123287671,0.0,28.0
73,2009-10-04,3409.166666666667,22985.666666666668,0.0,24085191.166666668,906046.0,0.0,78.0,6.0,2.0,20.0,,5.0,2.0,,,,,,1.0,,10.0,,0.0,,,3.0,2.0,,,,2.0,,,,,,,,,,,,,,132.0,25.0,4.0,5.0,15.166666666666666,6027.0,27.833333333333336,294,5.53972602739726,0.0,24.0
74,2009-10-11,3429.0,23147.0,0.0,24094188.0,921994.0,0.0,47.0,,,,,,,,,,,,,,,,,,,,,,,,,,,,,,,,,,,,,,131.0,,,,16.0,6027.0,30.0,350,6.597260273972602,-1.0,28.0
75,2009-10-18,3444.5,23421.083333333332,0.0,24083377.083333332,898983.6666666667,0.0,40.0,,,,,,,3.0,,,,,,,,,,,,3.0,2.0,,,2.0,2.0,,,,,,,,,,,,,,87.0,2.0,,,-52.0,6027.0,30.0,357,6.731506849315069,-1.0,28.0
76,2009-10-25,5775.0,39660.0,0.0,40142509.0,1514183.0,0.0,73.0,21.0,6.0,0.0,10.0,18.0,5.0,7.0,,,,4.0,3.0,1.0,,0.0,0.0,0.0,,5.0,5.0,,,2.0,4.0,,,,,,1.0,1.0,,,0.0,0.0,,,85.0,19.0,5.0,,-40.0,10045.0,50.0,364,6.865753424657535,-1.0,28.0
77,2009-11-01,5809.25,40160.75,0.0,40148436.75,1522926.75,0.0,64.0,27.0,19.0,16.0,16.0,10.0,12.0,13.0,,,2.0,25.0,17.0,7.0,3.0,4.0,0.0,0.0,,5.0,5.0,,,5.0,5.0,,,,,,,,,,,,,,83.0,21.0,25.0,4.0,-0.5,10045.0,50.5,7,0.0,6.0,7.0
78,2009-11-08,4683.875,33153.25,0.0,32120745.625,1218942.625,0.0,36.75,12.0,5.0,6.0,13.0,6.0,5.0,6.0,,,,9.0,6.0,,3.0,3.0,0.0,,,,,,,,,,,,,,,,,,,,,,75.0,23.0,24.0,3.0,-3.625,8036.0,44.0,14,0.13424657534246576,6.0,7.0
79,2009-11-15,1185.0,8352.538461538461,0.0,8030201.307692308,303533.92307692306,0.0,5.769230769230769,,,,,,,,,,,,,,,,,,,,,,,,,,,,,,,,,,,,,,73.0,29.0,16.0,4.0,-1.4615384615384615,2009.0,11.0,21,0.2684931506849315,6.0,7.0
80,2009-11-22,7187.333333333334,51058.333333333336,0.0,48174733.0,1818547.6666666665,0.0,80.0,31.0,20.0,5.0,47.0,19.0,6.0,1.0,1.0,,,8.0,2.0,6.0,,6.0,0.0,0.0,,4.0,4.0,,,4.0,4.0,,,,,,,,,,,,,,83.0,56.0,10.0,6.0,-3.166666666666667,12054.0,66.0,28,0.4027397260273972,6.0,7.0
81,2009-11-29,6107.886363636364,43645.49621212121,0.0,40143723.43560606,1506689.1590909092,0.0,67.45454545454545,19.5,10.0,17.0,46.0,10.0,5.0,5.0,1.0,,9.0,,,,,,,,,6.0,2.0,,,2.0,1.0,,,,,,,,,,,,,,75.0,69.0,9.0,6.0,-1.3333333333333333,10045.0,55.0,35,0.536986301369863,6.0,7.0
82,2009-12-06,6244.9,44952.48333333334,0.0,40148262.78333333,1520209.7166666668,0.0,48.333333333333336,10.5,7.0,16.0,42.666666666666664,3.0,4.0,1.0,3.0,1.0,,1.3333333333333333,,,,8.25,,,10.5,3.0,,,,,,,,,,,,,,,,,,,64.0,59.0,8.0,17.0,0.08333333333333337,10045.0,59.71666666666667,42,0.6712328767123288,6.0,7.0
83,2009-12-13,8885.666666666668,63375.33333333333,0.0,56202202.55555556,2120627.888888889,0.0,80.33333333333333,7.0,7.0,28.0,73.66666666666666,6.0,5.0,4.0,3.0,,3.0,4.0,,,6.0,17.5,,,21.0,2.0,1.0,,,2.0,1.0,,,,,,,,,,,,,,81.0,74.0,14.0,21.0,5.444444444444444,14063.0,84.0,56,0.9205479452054793,6.0,8.0
84,2009-12-20,6444.285714285714,45401.17857142857,0.0,40143380.17857143,1506687.4642857143,0.0,106.75,7.5,6.5,81.0,81.75,7.0,6.5,12.0,3.0,,50.0,1.25,,,0.0,25.75,,,16.0,1.6666666666666667,1.5,,,2.0,2.0,,,,,,,,,,,,,,136.0,113.0,16.0,36.0,43.535714285714285,10045.0,60.0,64,1.073972602739726,6.0,8.0
85,2009-12-27,1301.0,9098.0,0.0,8030089.222222222,303474.55555555556,0.0,11.222222222222221,,,,,,,,,,,,,,,,,,,,,,,,,,,,,,,,,,,,,,126.0,106.0,16.0,28.0,-1.1111111111111112,2009.0,12.0,72,1.2273972602739727,6.0,8.0
86,2010-01-03,2617.75,18215.75,0.0,16063303.5,610553.0,0.0,24.916666666666668,4.0,3.0,32.0,14.25,2.0,,,1.0,,13.0,0.0,,,0.0,11.5,,,19.0,1.3333333333333333,1.0,,,1.3333333333333333,,,1.0,,,,,,,,,,,,125.0,95.0,15.0,27.0,0.16666666666666663,4018.0,24.0,80,1.3808219178082195,6.0,8.0
87,2010-01-10,5275.5,36509.5,0.0,32120634.833333336,1218612.0,0.0,88.66666666666667,7.0,9.5,25.833333333333332,65.0,7.0,11.0,6.0,1.0,,11.0,0.0,,,0.0,21.0,,,19.0,1.1666666666666667,1.0,1.0,0.0,1.0,1.0,1.0,1.0,,,,,,,,,,,,126.0,95.0,11.0,25.0,-0.9999999999999997,8040.0,4.0,88,1.5342465753424657,6.0,8.0
88,2010-01-17,8002.083333333333,55018.916666666664,0.0,48175582.25,1820824.4166666667,0.0,60.75,11.833333333333334,7.5,41.5,44.91666666666667,11.833333333333334,9.5,7.0,,,29.0,0.0,,,0.0,16.0,,,16.0,1.5,1.0,1.0,0.0,1.3333333333333333,1.0,1.0,,,,,,,,,,,,,63.0,46.0,2.0,20.0,-36.833333333333336,12060.0,6.0,96,1.687671232876712,6.0,8.0
89,2010-01-24,2687.833333333333,18379.666666666664,0.0,16064022.666666668,610189.6666666667,0.0,11.666666666666668,1.5,2.5,9.0,8.333333333333332,1.5,2.5,2.0,,,9.0,0.0,,,0.0,5.333333333333334,,,5.333333333333334,1.0,1.0,1.0,-1.0,1.0,1.0,1.0,,,,,,,,,,,,,76.0,55.0,,25.0,-5.833333333333334,4020.0,2.0,104,1.8410958904109587,6.0,8.0
90,2010-01-31,9517.333333333334,64470.46666666667,0.0,56201869.5,2120889.366666666,0.0,107.5,29.35,27.233333333333334,61.666666666666664,77.3,29.35,27.4,11.55,3.2,,38.41666666666667,1.4,,,0.25,35.8,,,35.8,4.75,3.0,1.0,1.0,4.0,3.0,1.0,,,,1.0,0.0,,,-1.0,1.0,,,1.0,111.0,80.0,2.0,38.0,0.33333333333333215,14070.0,7.0,112,1.9945205479452055,6.0,8.0
91,2010-02-07,1374.0,9227.0,0.0,8027940.0,302379.0,0.0,25.0,0.0,4.0,21.0,20.0,,4.0,2.0,2.0,,16.0,2.0,,,2.0,3.0,,,3.0,,,,,,,,,,,,,,,,,,,,124.0,85.0,5.0,35.0,3.0,2010.0,2.0,120,2.147945205479452,6.0,16.0
92,2010-02-14,,,,,,,,,,,,,,,,,,,,,,,,,,,,,,,,,,,,,,,,,,,,,128.0,81.0,6.0,37.0,,,,128,2.3013698630136985,6.0,16.0
93,2010-02-21,8277.5,55406.5,0.0,48175158.5,1818207.5,0.0,123.5,21.5,21.5,86.0,72.0,22.5,21.5,8.0,6.0,,37.0,11.5,,,12.5,36.5,,,36.5,,,,,,,,,,,,,,,,,,,,133.0,79.0,11.0,40.0,9.5,12060.0,12.0,136,2.4547945205479453,6.0,16.0
94,2010-02-28,9756.75,64754.166666666664,0.0,56202531.5,2117600.833333333,0.0,136.91666666666666,18.25,24.916666666666668,97.25,81.66666666666667,19.333333333333332,28.166666666666668,8.0,9.0,,41.58333333333333,23.416666666666668,,1.0,23.166666666666668,38.0,,,38.0,2.0,1.0,1.0,,1.0,1.0,1.0,,,,,,,,,,,,,138.0,83.0,24.0,40.0,8.166666666666666,14070.0,14.0,144,2.6082191780821913,6.0,16.0
95,2010-03-07,7028.0,46322.0,0.0,40145654.0,1515311.0,0.0,125.0,10.0,17.0,99.5,63.5,10.0,17.0,3.5,4.5,,38.0,16.5,,,16.0,45.0,,,45.0,2.0,2.0,,,2.0,2.0,,,,,,,,,,,,,,158.0,84.0,23.0,55.0,1.5,10050.0,15.0,152,2.761643835616439,6.0,16.0
96,2010-03-14,2821.0,18539.0,0.0,16058943.0,604233.0,0.0,24.0,4.0,4.0,16.0,16.0,4.0,3.0,1.0,,,9.0,4.0,,1.0,3.0,4.0,,0.0,4.0,1.0,1.0,,,,1.0,,,,,,,,,,,,,,146.0,78.0,27.0,51.0,-8.0,4020.0,6.0,160,2.915068493150685,6.0,16.0
97,2010-03-21,8530.016666666666,55715.833333333336,0.0,48175343.56666666,1818098.3166666667,0.0,120.53333333333333,13.333333333333332,16.666666666666664,93.05,66.55,15.166666666666666,16.166666666666664,8.5,,,39.550000000000004,12.066666666666666,,2.0,13.166666666666666,43.75,,0.0,44.166666666666664,2.0,2.0,,,2.0,2.0,,,,,,,,,,,,,,136.0,78.0,32.0,50.0,3.683333333333333,12060.0,18.0,168,3.0684931506849313,6.0,16.0
98,2010-03-28,8631.333333333332,55861.333333333336,0.0,48172028.41666667,1815140.9166666667,0.0,143.66666666666669,19.833333333333332,20.5,103.91666666666666,68.75,19.166666666666668,19.833333333333332,4.0,,,44.166666666666664,27.083333333333336,2.0,2.0,30.166666666666664,30.833333333333332,0.0,0.0,29.583333333333332,1.0,1.0,,,1.0,1.0,,,,,,,,,,,,,,152.0,89.0,46.0,43.0,6.75,12060.0,18.0,176,3.221917808219178,6.0,16.0
99,2010-04-04,8732.5,56004.583333333336,0.0,48175949.91666667,1818678.1666666667,0.0,125.91666666666667,14.5,19.25,94.16666666666667,72.41666666666666,12.0,17.916666666666668,9.25,,,45.25,38.75,5.0,5.0,33.916666666666664,15.5,0.0,0.0,16.0,1.0,,1.0,,1.0,,1.0,,,,,,,,,,,,,147.0,73.0,40.0,46.0,-12.166666666666668,12060.0,20.0,184,3.375342465753424,6.0,16.0
100,2010-04-11,8824.0,56180.666666666664,0.0,48176165.666666664,1821549.5,0.0,111.83333333333333,10.0,12.0,81.5,51.66666666666667,10.0,12.0,4.0,,,41.83333333333333,24.166666666666668,,,24.166666666666668,20.0,,,21.0,2.0,2.0,,,2.0,2.0,,,,,,,,,,,,,,126.0,62.0,30.0,42.0,-7.000000000000002,12060.0,24.0,192,3.5287671232876714,6.0,16.0
101,2010-04-18,8958.4,56441.975,0.0,48175946.225,1822418.5,0.0,121.75,10.333333333333332,7.166666666666666,121.66666666666667,68.44761904761904,9.333333333333332,11.5,3.0,,,51.16666666666667,23.535714285714285,2.0,,21.5,7.333333333333333,0.0,,3.5,1.0,1.0,,,1.0,1.0,,,,,,,,,,,,,,137.0,92.0,37.0,29.0,-4.266666666666667,12060.0,24.0,200,3.6821917808219173,6.0,16.0
102,2010-04-25,9128.342857142858,56675.171428571426,0.0,48175437.67142857,1821164.6857142856,0.0,119.4,11.0,7.666666666666667,113.3,79.1,11.0,8.5,3.25,,,63.0,37.25,,,42.0,2.0,,,6.0,1.0,1.0,,,,,,,,,,,,,,,,,,136.0,88.0,46.0,20.0,2.3999999999999995,12060.0,24.0,208,3.8356164383561646,6.0,16.0
103,2010-05-02,9295.833333333334,56914.30952380952,0.0,48175300.78571428,1819011.0666666667,0.0,136.65714285714287,15.0,11.5,114.86666666666667,82.77380952380953,16.5,15.5,3.333333333333333,1.0,,49.5,52.3,1.5,1.0,62.76666666666667,5.535714285714286,0.0,-1.0,7.333333333333333,3.0,1.0,1.0,1.0,1.0,1.0,1.0,,,,,1.0,,,,,,,,154.0,90.0,60.0,10.0,-4.123809523809524,12060.0,24.2,216,3.989041095890411,6.0,24.0
104,2010-05-09,4718.307692307692,28597.923076923078,0.0,24094842.769230768,920642.4615384615,0.0,71.3076923076923,,,,57.0,,,,,,,14.333333333333332,,,,4.0,,,,,,,,,,,,,,,,,,,,,,,173.0,111.0,60.0,12.0,21.615384615384617,6030.0,15.0,224,4.142465753424658,6.0,24.0
105,2010-05-16,9556.1,57387.56666666667,0.0,48175340.06666666,1821089.7,0.0,146.0,25.5,29.0,96.5,82.56666666666668,21.5,23.0,1.0,,,40.0,53.2,4.0,6.0,46.0,7.266666666666667,0.0,0.0,0.5,,,,,,,,,,,,,,,,,,,,163.0,92.0,61.0,22.0,-4.066666666666667,12060.0,30.0,232,4.295890410958904,6.0,24.0
106,2010-05-23,11299.5,67220.05,0.0,56202657.3,2120554.25,0.0,149.0,17.0,19.333333333333336,117.08333333333333,102.41666666666667,14.666666666666666,21.5,,,,87.16666666666667,43.333333333333336,3.5,1.0,27.333333333333332,7.0,-1.0,0.0,5.0,3.0,3.0,-1.0,1.0,3.0,3.0,,,,,1.0,,,,,,,,,151.0,104.0,45.0,25.0,1.6,14070.0,35.0,240,4.44931506849315,6.0,24.0
107,2010-05-30,3251.0,19246.0,0.0,16063043.0,609898.0,0.0,41.0,,,,23.0,,,,,,,10.0,,,,7.0,,,,,,,,,,,,,,,,,,,,,,,130.0,83.0,33.0,25.0,11.0,4020.0,10.0,186,3.452054794520548,5.0,18.0
108,2010-06-06,4897.1,29254.666666666664,0.0,24092082.53333333,906075.0333333332,0.0,67.8,2.0,3.0,5.0,21.75,2.0,3.0,,,,,21.916666666666668,,,5.0,26.166666666666668,,,,,,,,,,,,,,,,,,,,,,,127.0,64.0,38.0,27.0,6.166666666666667,6030.0,17.8,192,3.5671232876712327,5.0,18.0
109,2010-06-13,1638.0,10053.666666666666,0.0,8030074.333333333,303538.6666666667,0.0,39.666666666666664,,,22.0,11.666666666666666,,,,,,,17.333333333333332,,,,4.666666666666667,,,,,,,,,,,,,,,,,,,,,,,125.0,58.0,36.0,27.0,1.0,2010.0,6.0,198,3.6821917808219182,5.0,18.0
110,2010-06-20,8254.475,50821.575,0.0,40143835.675,1505949.35,0.0,109.15,,2.0,,17.375,,2.0,,,,,15.25,,,,6.375,,,,1.0,,,,1.0,,,,,,,,,,,,,,,109.0,54.0,32.0,26.0,-1.35,10050.0,30.0,204,3.7972602739726025,5.0,18.0
111,2010-06-27,3327.8333333333335,20451.0,0.0,16063713.666666666,608684.8333333333,0.0,38.5,,,,16.666666666666664,,,,,,,14.5,,,,6.666666666666666,,,,,,,,,,,,,,,,,,,,,,,90.0,20.0,17.0,25.0,-3.333333333333333,4020.0,12.0,175,3.2602739726027394,4.0,15.0
112,2010-07-04,3342.0,20539.333333333336,0.0,16063107.666666668,608381.6666666667,0.0,32.66666666666667,1.0,1.0,4.0,12.666666666666666,1.0,1.0,,,,,12.666666666666666,,,,3.3333333333333335,,,,,,,,,,,,,,,,,,,,,,,84.0,16.0,16.0,23.0,2.6666666666666665,4020.0,13.0,180,3.356164383561644,4.0,15.0
113,2010-07-11,,,,,,,,,,,,,,,,,,,,,,,,,,,,,,,,,,,,,,,,,,,,,88.0,20.0,18.0,6.0,,,,185,3.4520547945205484,4.0,15.0
114,2010-07-18,3347.0,21401.0,0.0,16063745.0,608561.0,0.0,44.0,,,,18.0,,,,,,,17.0,,,,4.0,,,,,,,,,,,,,,,,,,,,,,,92.0,23.0,20.0,6.0,16.0,4020.0,14.0,190,3.547945205479452,4.0,15.0
115,2010-07-25,3355.5,22253.5,0.0,16063102.0,608494.5,0.0,28.75,,,,12.0,,,,,,,13.0,,,,1.0,,,,,,,,,,,,,,,,,,,,,,,28.0,12.0,15.0,5.0,-3.0,4020.0,14.0,195,3.643835616438356,4.0,15.0
116,2010-08-01,3369.85,23028.05,0.0,16063092.65,608316.2,0.0,26.55,,,,12.933333333333334,,,,,,,16.75,,,,0.3333333333333333,,,,,,,,,,,,,,,,,,,,,,,27.0,13.0,17.0,1.0,-8.25,4020.0,14.0,200,3.7397260273972606,4.0,20.0
117,2010-08-08,3384.75,23693.0,0.0,16064217.25,609650.25,0.0,30.25,,,,17.0,,,,,,,13.25,,,,0.0,,,,,,,,,,,,,,,,,,,,,,,30.0,17.0,13.0,1.0,4.0,4020.0,16.0,205,3.835616438356164,4.0,20.0
118,2010-08-15,3403.5,24138.25,0.0,16061964.5,609544.875,0.0,62.25,,,,2.875,,,,,,,1.8333333333333333,,,,0.0,,,,,,,,,,,,,,,,,,,,,,,62.0,16.0,13.0,1.0,50.0,4020.0,16.0,210,3.9315068493150687,4.0,20.0
119,2010-08-22,5120.5,36633.5,0.0,24083655.0,901325.5,0.0,69.5,,,,,,,,,,,,,,,,,,,,,,,,,,,,,,,,,,,,,,73.0,16.0,13.0,1.0,-41.5,6030.0,24.0,215,4.027397260273973,4.0,20.0
120,2010-08-29,3419.0,24503.0,0.0,16059074.0,600621.0,0.0,54.0,,,,,,,,,,,,,,,,,,,,,,,,,,,,,,,,,,,,,,101.0,16.0,13.0,1.0,29.0,4020.0,16.0,220,4.123287671232877,4.0,20.0
121,2010-09-05,1711.0,12660.0,0.0,8029391.0,303110.0,0.0,25.0,,,,,,,,,,,,,,,,,,,,,,,,,,,,,,,,,,,,,,93.0,16.0,13.0,,2.0,2010.0,9.0,225,4.219178082191781,4.0,20.0
122,2010-09-12,6857.5,50918.5,0.0,32116744.0,1206669.0,0.0,77.0,,,,,,,,,,,,,,,,,,,,,,,,,,,,,,,,,,,,,,77.0,3.0,2.0,,-23.0,8040.0,36.0,230,4.315068493150685,4.0,20.0
123,2010-09-19,3436.5,26035.0,0.0,16056023.5,599422.0,0.0,46.5,,,,,,,,,,,,,,,,,,,,,,,,,,,,,,,,,,,,,,67.0,,,,3.0,4020.0,18.0,235,4.410958904109589,4.0,20.0
124,2010-09-26,,,,,,,,,,,,,,,,,,,,,,,,,,,,,,,,,,,,,,,,,,,,,62.0,,,,,,,240,4.506849315068493,4.0,20.0
125,2010-10-03,,,,,,,,,,,,,,,,,,,,,,,,,,,,,,,,,,,,,,,,,,,,,56.0,,,,,,,245,4.602739726027397,4.0,20.0
126,2010-10-10,,,,,,,,,,,,,,,,,,,,,,,,,,,,,,,,,,,,,,,,,,,,,50.0,,,,,,,250,4.698630136986301,4.0,20.0
127,2010-10-17,1720.5,14122.5,0.0,8030502.0,303680.0,0.0,10.0,,,,,,,,,,,,,,,,,,,,,,,,,,,,,,,,,,,,,,23.0,,,,-9.5,2010.0,10.0,255,4.794520547945205,4.0,20.0
128,2010-10-24,1729.5,14504.9375,0.0,8026235.125,296118.25,0.0,9.0,5.25,4.75,3.25,13.25,5.25,4.75,2.0,,,6.5,,,,,,,,,,,,,,,,,,,,,,,,,,,,19.0,13.0,,,-1.875,2010.0,10.0,260,4.890410958904109,4.0,20.0
129,2010-10-31,,,,,,,,,,,,,,,,,,,,,,,,,,,,,,,,,,,,,,,,,,,,,22.0,14.0,,,,,,265,4.986301369863014,4.0,20.0
130,2010-11-07,,,,,,,,,,,,,,,,,,,,,,,,,,,,,,,,,,,,,,,,,,,,,25.0,14.0,,,,,,10,0.0821917808219178,9.0,5.0
131,2010-11-14,,,,,,,,,,,,,,,,,,,,,,,,,,,,,,,,,,,,,,,,,,,,,29.0,14.0,,,,,,15,0.1780821917808219,9.0,5.0
132,2010-11-21,,,,,,,,,,,,,,,,,,,,,,,,,,,,,,,,,,,,,,,,,,,,,22.0,15.0,,,,,,20,0.273972602739726,9.0,5.0
133,2010-11-28,1738.0,15734.0,0.0,8025971.0,296609.0,0.0,25.0,,,,,,,,,,,,,,,,,,,,,,,,,,,,,,,,,,,,,,25.0,,,,24.0,2010.0,11.0,25,0.36986301369863017,9.0,5.0
134,2010-12-05,,,,,,,,,,,,,,,,,,,,,,,,,,,,,,,,,,,,,,,,,,,,,24.0,,,,,,,30,0.4657534246575343,9.0,5.0
135,2010-12-12,,,,,,,,,,,,,,,,,,,,,,,,,,,,,,,,,,,,,,,,,,,,,24.0,,,,,,,35,0.5616438356164384,9.0,5.0
136,2010-12-19,,,,,,,,,,,,,,,,,,,,,,,,,,,,,,,,,,,,,,,,,,,,,23.0,,,,,,,40,0.6575342465753424,9.0,5.0
137,2010-12-26,,,,,,,,,,,,,,,,,,,,,,,,,,,,,,,,,,,,,,,,,,,,,23.0,,,,,,,45,0.7534246575342465,9.0,5.0
138,2011-01-02,1739.0,16321.0,0.0,8026413.0,296169.0,0.0,22.0,7.0,5.0,10.0,17.0,7.0,5.0,2.0,,,,0.0,,,,5.0,,,,,,,,,,,,,,,,,,,,,,,22.0,17.0,,5.0,-3.0,2010.0,12.0,50,0.8493150684931506,9.0,5.0
139,2011-01-09,,,,,,,,,,,,,,,,,,,,,,,,,,,,,,,,,,,,,,,,,,,,,22.0,17.0,,5.0,,,,55,0.9452054794520548,9.0,5.0
140,2011-01-16,,,,,,,,,,,,,,,,,,,,,,,,,,,,,,,,,,,,,,,,,,,,,22.0,17.0,,5.0,,,,60,1.0410958904109588,9.0,5.0
141,2011-01-23,,,,,,,,,,,,,,,,,,,,,,,,,,,,,,,,,,,,,,,,,,,,,22.0,17.0,,5.0,,,,65,1.1369863013698631,9.0,5.0
142,2011-01-30,,,,,,,,,,,,,,,,,,,,,,,,,,,,,,,,,,,,,,,,,,,,,22.0,17.0,,5.0,,,,70,1.2328767123287672,9.0,5.0
143,2011-02-06,,,,,,,,,,,,,,,,,,,,,,,,,,,,,,,,,,,,,,,,,,,,,,,,,,,,75,1.3287671232876712,9.0,10.0
144,2011-02-13,,,,,,,,,,,,,,,,,,,,,,,,,,,,,,,,,,,,,,,,,,,,,,,,,,,,80,1.4246575342465753,9.0,10.0
145,2011-02-20,,,,,,,,,,,,,,,,,,,,,,,,,,,,,,,,,,,,,,,,,,,,,,,,,,,,85,1.5205479452054795,9.0,10.0
146,2011-02-27,,,,,,,,,,,,,,,,,,,,,,,,,,,,,,,,,,,,,,,,,,,,,,,,,,,,90,1.6164383561643836,9.0,10.0
147,2011-03-06,,,,,,,,,,,,,,,,,,,,,,,,,,,,,,,,,,,,,,,,,,,,,,,,,,,,95,1.7123287671232876,9.0,10.0
148,2011-03-13,,,,,,,,,,,,,,,,,,,,,,,,,,,,,,,,,,,,,,,,,,,,,,,,,,,,100,1.808219178082192,9.0,10.0
149,2011-03-20,,,,,,,,,,,,,,,,,,,,,,,,,,,,,,,,,,,,,,,,,,,,,,,,,,,,105,1.904109589041096,9.0,10.0
150,2011-03-27,,,,,,,,,,,,,,,,,,,,,,,,,,,,,,,,,,,,,,,,,,,,,,,,,,,,110,2.0,9.0,10.0
151,2011-04-03,,,,,,,,,,,,,,,,,,,,,,,,,,,,,,,,,,,,,,,,,,,,,,,,,,,,115,2.095890410958904,9.0,10.0
152,2011-04-10,,,,,,,,,,,,,,,,,,,,,,,,,,,,,,,,,,,,,,,,,,,,,,,,,,,,120,2.191780821917808,9.0,10.0
153,2011-04-17,,,,,,,,,,,,,,,,,,,,,,,,,,,,,,,,,,,,,,,,,,,,,,,,,,,,125,2.287671232876712,9.0,10.0
154,2011-04-24,,,,,,,,,,,,,,,,,,,,,,,,,,,,,,,,,,,,,,,,,,,,,,,,,,,,130,2.383561643835616,9.0,10.0
155,2011-05-01,,,,,,,,,,,,,,,,,,,,,,,,,,,,,,,,,,,,,,,,,,,,,,,,,,,,135,2.4794520547945207,9.0,15.0
156,2011-05-08,,,,,,,,,,,,,,,,,,,,,,,,,,,,,,,,,,,,,,,,,,,,,,,,,,,,140,2.5753424657534247,9.0,15.0
157,2011-05-15,,,,,,,,,,,,,,,,,,,,,,,,,,,,,,,,,,,,,,,,,,,,,,,,,,,,145,2.671232876712329,9.0,15.0
158,2011-05-22,,,,,,,,,,,,,,,,,,,,,,,,,,,,,,,,,,,,,,,,,,,,,,,,,,,,150,2.7671232876712324,9.0,15.0
159,2011-05-29,,,,,,,,,,,,,,,,,,,,,,,,,,,,,,,,,,,,,,,,,,,,,,,,,,,,155,2.863013698630137,9.0,15.0
160,2011-06-05,,,,,,,,,,,,,,,,,,,,,,,,,,,,,,,,,,,,,,,,,,,,,,,,,,,,160,2.9589041095890414,9.0,15.0
161,2011-06-12,,,,,,,,,,,,,,,,,,,,,,,,,,,,,,,,,,,,,,,,,,,,,,,,,,,,165,3.0547945205479454,9.0,15.0
162,2011-06-19,,,,,,,,,,,,,,,,,,,,,,,,,,,,,,,,,,,,,,,,,,,,,,,,,,,,170,3.150684931506849,9.0,15.0
163,2011-06-26,,,,,,,,,,,,,,,,,,,,,,,,,,,,,,,,,,,,,,,,,,,,,,,,,,,,175,3.2465753424657535,9.0,15.0
164,2011-07-03,,,,,,,,,,,,,,,,,,,,,,,,,,,,,,,,,,,,,,,,,,,,,,,,,,,,180,3.3424657534246576,9.0,15.0
165,2011-07-10,,,,,,,,,,,,,,,,,,,,,,,,,,,,,,,,,,,,,,,,,,,,,,,,,,,,185,3.4383561643835616,9.0,15.0
166,2011-07-17,,,,,,,,,,,,,,,,,,,,,,,,,,,,,,,,,,,,,,,,,,,,,,,,,,,,190,3.5342465753424657,9.0,15.0
167,2011-07-24,,,,,,,,,,,,,,,,,,,,,,,,,,,,,,,,,,,,,,,,,,,,,,,,,,,,195,3.6301369863013697,9.0,15.0
168,2011-07-31,,,,,,,,,,,,,,,,,,,,,,,,,,,,,,,,,,,,,,,,,,,,,,,,,,,,200,3.726027397260274,9.0,15.0
169,2011-08-07,,,,,,,,,,,,,,,,,,,,,,,,,,,,,,,,,,,,,,,,,,,,,,,,,,,,205,3.821917808219178,9.0,20.0
170,2011-08-14,,,,,,,,,,,,,,,,,,,,,,,,,,,,,,,,,,,,,,,,,,,,,,,,,,,,210,3.9178082191780823,9.0,20.0
171,2011-08-21,,,,,,,,,,,,,,,,,,,,,,,,,,,,,,,,,,,,,,,,,,,,,,,,,,,,215,4.013698630136987,9.0,20.0
172,2011-08-28,,,,,,,,,,,,,,,,,,,,,,,,,,,,,,,,,,,,,,,,,,,,,,,,,,,,220,4.10958904109589,9.0,20.0
173,2011-09-04,,,,,,,,,,,,,,,,,,,,,,,,,,,,,,,,,,,,,,,,,,,,,,,,,,,,225,4.205479452054794,9.0,20.0
174,2011-09-11,,,,,,,,,,,,,,,,,,,,,,,,,,,,,,,,,,,,,,,,,,,,,,,,,,,,230,4.301369863013699,9.0,20.0
175,2011-09-18,,,,,,,,,,,,,,,,,,,,,,,,,,,,,,,,,,,,,,,,,,,,,,,,,,,,235,4.397260273972603,9.0,20.0
176,2011-09-25,,,,,,,,,,,,,,,,,,,,,,,,,,,,,,,,,,,,,,,,,,,,,,,,,,,,240,4.493150684931507,9.0,20.0
177,2011-10-02,,,,,,,,,,,,,,,,,,,,,,,,,,,,,,,,,,,,,,,,,,,,,,,,,,,,245,4.589041095890411,9.0,20.0
178,2011-10-09,,,,,,,,,,,,,,,,,,,,,,,,,,,,,,,,,,,,,,,,,,,,,,,,,,,,250,4.684931506849315,9.0,20.0
179,2011-10-16,,,,,,,,,,,,,,,,,,,,,,,,,,,,,,,,,,,,,,,,,,,,,,,,,,,,255,4.780821917808219,9.0,20.0
180,2011-10-23,,,,,,,,,,,,,,,,,,,,,,,,,,,,,,,,,,,,,,,,,,,,,,,,,,,,260,4.876712328767123,9.0,20.0
181,2011-10-30,,,,,,,,,,,,,,,,,,,,,,,,,,,,,,,,,,,,,,,,,,,,,,,,,,,,265,4.972602739726027,9.0,20.0
182,2011-11-06,,,,,,,,,,,,,,,,,,,,,,,,,,,,,,,,,,,,,,,,,,,,,,,,,,,,10,0.0684931506849315,14.0,5.0
183,2011-11-13,,,,,,,,,,,,,,,,,,,,,,,,,,,,,,,,,,,,,,,,,,,,,,,,,,,,15,0.1643835616438356,14.0,5.0
184,2011-11-20,,,,,,,,,,,,,,,,,,,,,,,,,,,,,,,,,,,,,,,,,,,,,,,,,,,,20,0.2602739726027397,14.0,5.0
185,2011-11-27,,,,,,,,,,,,,,,,,,,,,,,,,,,,,,,,,,,,,,,,,,,,,,,,,,,,25,0.3561643835616438,14.0,5.0
186,2011-12-04,,,,,,,,,,,,,,,,,,,,,,,,,,,,,,,,,,,,,,,,,,,,,,,,,,,,30,0.452054794520548,14.0,5.0
187,2011-12-11,197.0,265.0,,,,,,,,,,,,,,,,,,,,,,,,,,,,,,,,,,,,,,,,,,,17.0,,,,,2011.0,12.0,35,0.547945205479452,14.0,5.0
188,2011-12-18,,,,,,,,,,,,,,,,,,,,,,,,,,,,,,,,,,,,,,,,,,,,,18.0,,,,,,,40,0.6438356164383562,14.0,5.0
189,2011-12-25,,,,,,,,,,,,,,,,,,,,,,,,,,,,,,,,,,,,,,,,,,,,,18.0,,,,,,,45,0.7397260273972603,14.0,5.0
190,2012-01-01,,,,,,,,,,,,,,,,,,,,,,,,,,,,,,,,,,,,,,,,,,,,,19.0,,,,,,,50,0.8356164383561644,14.0,5.0
191,2012-01-08,199.0,267.0,,,,,,,,,,,,,,,,,,,,,,,,,,,,,,,,,,,,,,,,,,,20.0,,,,,2012.0,1.0,55,0.9315068493150686,14.0,5.0
192,2012-01-15,201.0,269.0,,,,,,,,,,,,,,,,,,,,,,,,,,,,,,,,,,,,,,,,,,,19.0,,,,,2012.0,1.0,60,1.0273972602739725,14.0,5.0
193,2012-01-22,203.0,271.0,,,,,,,,,,,,,,,,,,,,,,,,,,,,,,,,,,,,,,,,,,,24.0,,,,,2012.0,1.0,65,1.1232876712328768,14.0,5.0
194,2012-01-29,,,,,,,,,,,,,,,,,,,,,,,,,,,,,,,,,,,,,,,,,,,,,25.0,,,,,,,70,1.2191780821917808,14.0,5.0
195,2012-02-05,1018.0,1570.0,,,,,,,,,,,,,,,,,,,,,,,,,,,,,,,,,,,,,,,,,,,52.0,,,,,2012.0,1.0,75,1.3150684931506849,14.0,10.0
196,2012-02-12,1226.5,1846.5,,,,,,,,,,,,,,,,,,,,,,,,,,,,,,,,,,,,,,,,,,,45.0,,,,,4024.0,4.0,80,1.4109589041095891,14.0,10.0
197,2012-02-19,209.5,277.5,,,,,,,,,,,,,,,,,,,,,,,,,,,,,,,,,,,,,,,,,,,48.0,,,,,2012.0,2.0,85,1.506849315068493,14.0,10.0
198,2012-02-26,211.5,279.5,,,,,,,,,,,,,,,,,,,,,,,,,,,,,,,,,,,,,,,,,,,47.0,,,,,2012.0,2.0,90,1.6027397260273974,14.0,10.0
199,2012-03-04,,,,,,,,,,,,,,,,,,,,,,,,,,,,,,,,,,,,,,,,,,,,,45.0,,,,,,,95,1.6986301369863013,14.0,10.0
200,2012-03-11,213.5,281.5,,,,,,,,,,,,,,,,,,,,,,,,,,,,,,,,,,,,,,,,,,,44.0,,,,,2012.0,3.0,100,1.7945205479452055,14.0,10.0
201,2012-03-18,215.5,283.5,,,,,,,,,,,,,,,,,,,,,,,,,,,,,,,,,,,,,,,,,,,30.0,,,,,2012.0,3.0,105,1.8904109589041096,14.0,10.0
202,2012-03-25,1239.5,1859.5,,,,,,,,,,,,,,,,,,,,,,,,,,,,,,,,,,,,,,,,,,,59.0,,,,,4024.0,6.0,110,1.9863013698630136,14.0,10.0
203,2012-04-01,219.0,287.0,,,,,,,,,,,,,,,,,,,,,,,,,,,,,,,,,,,,,,,,,,,61.0,,,,,2012.0,3.0,115,2.0821917808219177,14.0,10.0
204,2012-04-08,,,,,,,,,,,,,,,,,,,,,,,,,,,,,,,,,,,,,,,,,,,,,62.0,,,,,,,120,2.1780821917808217,14.0,10.0
205,2012-04-15,114.0,155.0,,,,,,,,,,,,,,,,,,,,,,,,,,,,,,,,,,,,,,,,,,,92.0,,,,,2012.0,4.0,125,2.2739726027397262,14.0,10.0
206,2012-04-22,,,,,,,,,,,,,,,,,,,,,,,,,,,,,,,,,,,,,,,,,,,,,96.0,,,,,,,130,2.3698630136986303,14.0,10.0
207,2012-04-29,1243.5,1863.5,,,,,,,,,,,,,,,,,,,,,,,,,,,,,,,,,,,,,,,,,,,101.0,,,,,4024.0,8.0,135,2.4657534246575343,14.0,10.0
208,2012-05-06,337.0,446.0,,,,,,,,,,,,,,,,,,,,,,,,,,,,,,,,,,,,,,,,,,,103.0,,,,,4024.0,10.0,140,2.5616438356164384,14.0,15.0
209,2012-05-13,223.0,291.0,,,,,,,,,,,,,,,,,,,,,,,,,,,,,,,,,,,,,,,,,,,103.0,,,,,2012.0,5.0,145,2.6575342465753424,14.0,15.0
210,2012-05-20,224.5,292.5,,,,,,,,,,,,,,,,,,,,,,,,,,,,,,,,,,,,,,,,,,,101.0,,,,,2012.0,5.0,150,2.7534246575342465,14.0,15.0
211,2012-05-27,,,,,,,,,,,,,,,,,,,,,,,,,,,,,,,,,,,,,,,,,,,,,96.0,,,,,,,155,2.8493150684931505,14.0,15.0
212,2012-06-03,1251.0,1871.0,,,,,,,,,,,,,,,,,,,,,,,,,,,,,,,,,,,,,,,,,,,91.0,,,,,4024.0,10.0,160,2.945205479452055,14.0,15.0
213,2012-06-10,1254.0,1874.0,,,,,,,,,,,,,,,,,,,,,,,,,,,,,,,,,,,,,,,,,,,44.0,,,,,4024.0,12.0,165,3.041095890410959,14.0,15.0
214,2012-06-17,347.0,456.0,,,,,,,,,,,,,,,,,,,,,,,,,,,,,,,,,,,,,,,,,,,84.0,,,,,4024.0,12.0,170,3.1369863013698627,14.0,15.0
215,2012-06-24,1259.5,1879.5,,,,,,,,,,,,,,,,,,,,,,,,,,,,,,,,,,,,,,,,,,,94.0,,,,,4024.0,12.0,175,3.232876712328767,14.0,15.0
216,2012-07-01,235.0,303.0,,,,,,,,,,,,,,,,,,,,,,,,,,,,,,,,,,,,,,,,,,,93.0,,,,,2012.0,6.0,180,3.3287671232876717,14.0,15.0
217,2012-07-08,236.0,304.0,,,,,,,,,,,,,,,,,,,,,,,,,,,,,,,,,,,,,,,,,,,88.0,,,,,2012.0,7.0,185,3.4246575342465753,14.0,15.0
218,2012-07-15,354.0,463.0,,,,,,,,,,,,,,,,,,,,,,,,,,,,,,,,,,,,,,,,,,,82.0,,,,,4024.0,14.0,190,3.5205479452054793,14.0,15.0
219,2012-07-22,238.5,306.5,,,,,,,,,,,,,,,,,,,,,,,,,,,,,,,,,,,,,,,,,,,82.0,,,,,2012.0,7.0,195,3.616438356164384,14.0,15.0
220,2012-07-29,1385.0,2046.0,,,,,,,,,,,,,,,,,,,,,,,,,,,,,,,,,,,,,,,,,,,85.0,,,,,6036.0,21.0,200,3.7123287671232874,14.0,15.0
221,2012-08-05,,,,,,,,,,,,,,,,,,,,,,,,,,,,,,,,,,,,,,,,,,,,,85.0,,,,,,,205,3.808219178082192,14.0,20.0
222,2012-08-12,241.5,309.5,,,,,,,,,,,,,,,,,,,,,,,,,,,,,,,,,,,,,,,,,,,86.0,,,,,2012.0,8.0,210,3.904109589041096,14.0,20.0
223,2012-08-19,,,,,,,,,,,,,,,,,,,,,,,,,,,,,,,,,,,,,,,,,,,,,87.0,,,,,,,215,4.0,14.0,20.0
224,2012-08-26,119.0,160.0,,,,,,,,,,,,,,,,,,,,,,,,,,,,,,,,,,,,,,,,,,,89.0,,,,,2012.0,8.0,220,4.095890410958904,14.0,20.0
225,2012-09-02,1336.0,2077.0,,,,,,,,,,,,,,,,,,,,,,,,,,,,,,,,,,,,,,,,,,,77.0,,,,,4024.0,16.0,270,5.03013698630137,13.0,24.0
226,2012-09-09,1459.0,2241.0,,,,,,,,,,,,,,,,,,,,,,,,,,,,,,,,,,,,,,,,,,,59.0,,,,,6036.0,27.0,276,5.145205479452055,13.0,24.0
227,2012-09-16,367.0,476.0,,,,,,,,,,,,,,,,,,,,,,,,,,,,,,,,,,,,,,,,,,,65.0,,,,,4024.0,18.0,282,5.260273972602739,13.0,24.0
228,2012-09-23,1342.5,2083.5,,,,,,,,,,,,,,,,,,,,,,,,,,,,,,,,,,,,,,,,,,,51.0,,,,,4024.0,18.0,288,5.375342465753424,13.0,24.0
229,2012-09-30,2124.0,3349.0,,,,,,,,,,,,,,,,,,,,,,,,,,,,,,,,,,,,,,,,,,,82.0,,,,,4024.0,18.0,294,5.490410958904109,13.0,24.0
230,2012-10-07,1346.5,2087.5,,,,,,,,,,,,,,,,,,,,,,,,,,,,,,,,,,,,,,,,,,,86.0,,,,,4024.0,20.0,300,5.605479452054795,13.0,24.0
231,2012-10-14,1349.0,2090.0,,,,,,,,,,,,,,,,,,,,,,,,,,,,,,,,,,,,,,,,,,,99.0,,,,,4024.0,20.0,306,5.720547945205479,13.0,24.0
232,2012-10-21,2250.5,3516.5,,,,,,,,,,,,,,,,,,,,,,,,,,,,,,,,,,,,,,,,,,,92.0,,,,,6036.0,30.0,312,5.835616438356165,13.0,24.0
233,2012-10-28,1353.5,2094.5,,,,,,,,,,,,,,,,,,,,,,,,,,,,,,,,,,,,,,,,,,,72.0,,,,,4024.0,20.0,318,5.950684931506849,13.0,24.0
234,2012-11-04,1357.0,2098.0,,,,,,,,,,,,,,,,,,,,,,,,,,,,,,,,,,,,,,,,,,,74.0,,,,,4024.0,21.0,6,0.06575342465753424,19.0,6.0
235,2012-11-11,2258.0,3524.0,,,,,,,,,,,,,,,,,,,,,,,,,,,,,,,,,,,,,,,,,,,48.0,,,,,6036.0,33.0,12,0.18082191780821916,19.0,6.0
236,2012-11-18,,,,,,,,,,,,,,,,,,,,,,,,,,,,,,,,,,,,,,,,,,,,,57.0,,,,,,,18,0.2958904109589041,19.0,6.0
237,2012-11-25,1485.5,2267.5,,,,,,,,,,,,,,,,,,,,,,,,,,,,,,,,,,,,,,,,,,,66.0,,,,,6036.0,33.0,24,0.410958904109589,19.0,6.0
238,2012-12-02,1490.0,2272.0,,,,,,,,,,,,,,,,,,,,,,,,,,,,,,,,,,,,,,,,,,,66.0,,,,,6036.0,33.0,30,0.5260273972602739,19.0,6.0
239,2012-12-09,2399.5,3692.5,,,,,,,,,,,,,,,,,,,,,,,,,,,,,,,,,,,,,,,,,,,54.0,,,,,6036.0,36.0,36,0.6410958904109589,19.0,6.0
240,2012-12-16,,,,,,,,,,,,,,,,,,,,,,,,,,,,,,,,,,,,,,,,,,,,,59.0,,,,,,,42,0.756164383561644,19.0,6.0
241,2012-12-23,,,,,,,,,,,,,,,,,,,,,,,,,,,,,,,,,,,,,,,,,,,,,63.0,,,,,,,48,0.8712328767123286,19.0,6.0
242,2012-12-30,,,,,,,,,,,,,,,,,,,,,,,,,,,,,,,,,,,,,,,,,,,,,66.0,,,,,,,54,0.9863013698630136,19.0,6.0
243,2013-01-06,,,,,,,,,,,,,,,,,,,,,,,,,,,,,,,,,,,,,,,,,,,,,50.0,,,,,,,60,1.084931506849315,19.0,6.0
244,2013-01-13,2403.5,3696.5,,,,,,,,,,,,,,,,,,,,,,,,,,,,,,,,,,,,,,,,,,,55.0,,,,,6039.0,3.0,66,1.2,19.0,6.0
245,2013-01-20,1374.5,2115.5,,,,,,,,,,,,,,,,,,,,,,,,,,,,,,,,,,,,,,,,,,,69.0,,,,,4026.0,2.0,72,1.3150684931506849,19.0,6.0
246,2013-01-27,,,,,,,,,,,,,,,,,,,,,,,,,,,,,,,,,,,,,,,,,,,,,61.0,,,,,,,78,1.4301369863013698,19.0,6.0
247,2013-02-03,1298.5,1918.5,,,,,,,,,,,,,,,,,,,,,,,,,,,,,,,,,,,,,,,,,,,54.0,,,,,4026.0,2.0,84,1.5452054794520549,19.0,12.0
248,2013-02-10,2413.0,3706.0,,,,,,,,,,,,,,,,,,,,,,,,,,,,,,,,,,,,,,,,,,,46.0,,,,,6039.0,6.0,90,1.6602739726027393,19.0,12.0
249,2013-02-17,1381.0,2122.0,,,,,,,,,,,,,,,,,,,,,,,,,,,,,,,,,,,,,,,,,,,50.0,,,,,4026.0,4.0,96,1.775342465753425,19.0,12.0
250,2013-02-24,1383.5,2124.5,,,,,,,,,,,,,,,,,,,,,,,,,,,,,,,,,,,,,,,,,,,67.0,,,,,4026.0,4.0,102,1.8904109589041094,19.0,12.0
251,2013-03-03,,,,,,,,,,,,,,,,,,,,,,,,,,,,,,,,,,,,,,,,,,,,,82.0,,,,,,,108,2.0054794520547947,19.0,12.0
252,2013-03-10,271.0,339.0,,,,,,,,,,,,,,,,,,,,,,,,,,,,,,,,,,,,,,,,,,,95.0,,,,,2013.0,3.0,114,2.1205479452054794,19.0,12.0
253,2013-03-17,1116.0,1789.0,,,,,,,,,,,,,,,,,,,,,,,,,,,,,,,,,,,,,,,,,,,83.0,,,,,2013.0,3.0,120,2.2356164383561645,19.0,12.0
254,2013-03-24,,,,,,,,,,,,,,,,,,,,,,,,,,,,,,,,,,,,,,,,,,,,,84.0,,,,,,,126,2.350684931506849,19.0,12.0
255,2013-03-31,1118.0,1791.0,,,,,,,,,,,,,,,,,,,,,,,,,,,,,,,,,,,,,,,,,,,87.0,,,,,2013.0,3.0,132,2.465753424657534,19.0,12.0
256,2013-04-07,272.0,340.0,,,,,,,,,,,,,,,,,,,,,,,,,,,,,,,,,,,,,,,,,,,87.0,,,,,2013.0,4.0,138,2.5808219178082195,19.0,12.0
257,2013-04-14,273.0,341.0,,,,,,,,,,,,,,,,,,,,,,,,,,,,,,,,,,,,,,,,,,,49.0,,,,,2013.0,4.0,144,2.695890410958904,19.0,12.0
258,2013-04-21,,,,,,,,,,,,,,,,,,,,,,,,,,,,,,,,,,,,,,,,,,,,,54.0,,,,,,,150,2.8109589041095893,19.0,12.0
259,2013-04-28,,,,,,,,,,,,,,,,,,,,,,,,,,,,,,,,,,,,,,,,,,,,,58.0,,,,,,,156,2.926027397260274,19.0,12.0
260,2013-05-05,,,,,,,,,,,,,,,,,,,,,,,,,,,,,,,,,,,,,,,,,,,,,43.0,,,,,,,162,3.0410958904109586,19.0,18.0
261,2013-05-12,,,,,,,,,,,,,,,,,,,,,,,,,,,,,,,,,,,,,,,,,,,,,47.0,,,,,,,168,3.1561643835616437,19.0,18.0
262,2013-05-19,274.5,342.5,,,,,,,,,,,,,,,,,,,,,,,,,,,,,,,,,,,,,,,,,,,52.0,,,,,2013.0,5.0,174,3.2712328767123284,19.0,18.0
263,2013-05-26,276.5,344.5,,,,,,,,,,,,,,,,,,,,,,,,,,,,,,,,,,,,,,,,,,,48.0,,,,,2013.0,5.0,180,3.386301369863014,19.0,18.0
264,2013-06-02,278.5,346.5,,,,,,,,,,,,,,,,,,,,,,,,,,,,,,,,,,,,,,,,,,,42.0,,,,,2013.0,5.0,186,3.5013698630136987,19.0,18.0
265,2013-06-09,,,,,,,,,,,,,,,,,,,,,,,,,,,,,,,,,,,,,,,,,,,,,41.0,,,,,,,192,3.616438356164383,19.0,18.0
266,2013-06-16,280.0,348.0,,,,,,,,,,,,,,,,,,,,,,,,,,,,,,,,,,,,,,,,,,,41.0,,,,,2013.0,6.0,198,3.7315068493150685,19.0,18.0
267,2013-06-23,,,,,,,,,,,,,,,,,,,,,,,,,,,,,,,,,,,,,,,,,,,,,44.0,,,,,,,204,3.846575342465754,19.0,18.0
268,2013-06-30,,,,,,,,,,,,,,,,,,,,,,,,,,,,,,,,,,,,,,,,,,,,,46.0,,,,,,,210,3.9616438356164383,19.0,18.0
269,2013-07-07,,,,,,,,,,,,,,,,,,,,,,,,,,,,,,,,,,,,,,,,,,,,,49.0,,,,,,,216,4.076712328767123,19.0,18.0
270,2013-07-14,,,,,,,,,,,,,,,,,,,,,,,,,,,,,,,,,,,,,,,,,,,,,51.0,,,,,,,222,4.191780821917808,19.0,18.0
271,2013-07-21,,,,,,,,,,,,,,,,,,,,,,,,,,,,,,,,,,,,,,,,,,,,,,,,,,,,228,4.306849315068494,19.0,18.0
272,2013-07-28,282.0,350.0,,,,,,,,,,,,,,,,,,,,,,,,,,,,,,,,,,,,,,,,,,,57.0,,,,,2013.0,7.0,234,4.421917808219178,19.0,18.0
273,2013-08-04,,,,,,,,,,,,,,,,,,,,,,,,,,,,,,,,,,,,,,,,,,,,,55.0,,,,,,,240,4.536986301369863,19.0,24.0
274,2013-08-11,,,,,,,,,,,,,,,,,,,,,,,,,,,,,,,,,,,,,,,,,,,,,54.0,,,,,,,246,4.652054794520548,19.0,24.0
275,2013-08-18,,,,,,,,,,,,,,,,,,,,,,,,,,,,,,,,,,,,,,,,,,,,,52.0,,,,,,,252,4.767123287671232,19.0,24.0
276,2013-08-25,,,,,,,,,,,,,,,,,,,,,,,,,,,,,,,,,,,,,,,,,,,,,51.0,,,,,,,258,4.882191780821918,19.0,24.0
277,2013-09-01,,,,,,,,,,,,,,,,,,,,,,,,,,,,,,,,,,,,,,,,,,,,,,,,,,,,264,4.997260273972603,19.0,24.0
278,2013-09-08,1529.0,2343.0,,,,,,,,,,,,,,,,,,,,,,,,,,,,,,,,,,,,,,,,,,,102.0,,,,,8052.0,36.0,270,5.112328767123288,19.0,24.0
279,2013-09-15,414.0,552.0,,,,,,,,,,,,,,,,,,,,,,,,,,,,,,,,,,,,,,,,,,,87.0,,,,,6039.0,27.0,276,5.227397260273972,19.0,24.0
280,2013-09-22,1541.5,2333.5,,,,,,,,,,,,,,,,,,,,,,,,,,,,,,,,,,,,,,,,,,,86.0,,,,,6039.0,27.0,282,5.342465753424657,19.0,24.0
281,2013-09-29,2017.5,3008.5,,,,,,,,,,,,,,,,,,,,,,,,,,,,,,,,,,,,,,,,,,,107.0,,,,,10065.0,45.0,336,6.367123287671234,18.0,28.0
282,2013-10-06,2024.0,3015.0,,,,,,,,,,,,,,,,,,,,,,,,,,,,,,,,,,,,,,,,,,,119.0,,,,,10065.0,50.0,343,6.501369863013698,18.0,28.0
283,2013-10-13,903.0,1218.0,,,,,,,,,,,,,,,,,,,,,,,,,,,,,,,,,,,,,,,,,,,80.0,,,,,8052.0,40.0,350,6.635616438356164,18.0,28.0
284,2013-10-20,1569.0,2383.0,,,,,,,,,,,,,,,,,,,,,,,,,,,,,,,,,,,,,,,,,,,80.0,,,,,8052.0,40.0,357,6.76986301369863,18.0,28.0
285,2013-10-27,1575.0,2389.0,,,,,,,,,,,,,,,,,,,,,,,,,,,,,,,,,,,,,,,,,,,61.0,,,,,8052.0,40.0,364,6.904109589041097,18.0,28.0
286,2013-11-03,450.0,588.0,,,,,,,,,,,,,,,,,,,,,,,,,,,,,,,,,,,,,,,,,,,65.0,,,,,6039.0,30.0,7,0.03835616438356164,25.0,7.0
287,2013-11-10,1574.0,2366.0,,,,,,,,,,,,,,,,,,,,,,,,,,,,,,,,,,,,,,,,,,,72.0,,,,,6039.0,33.0,14,0.1726027397260274,25.0,7.0
288,2013-11-17,139.0,187.0,,,,,,,,,,,,,,,,,,,,,,,,,,,,,,,,,,,,,,,,,,,56.0,,,,,2013.0,11.0,21,0.3068493150684931,25.0,7.0
289,2013-11-24,2057.0,3048.0,,,,,,,,,,,,,,,,,,,,,,,,,,,,,,,,,,,,,,,,,,,77.0,,,,,10065.0,55.0,28,0.441095890410959,25.0,7.0
290,2013-12-01,1925.0,2868.0,,,,,,,,,,,,,,,,,,,,,,,,,,,,,,,,,,,,,,,,,,,73.0,,,,,8052.0,44.0,35,0.5753424657534246,25.0,7.0
291,2013-12-08,2082.0,3073.0,,,,,,,,,,,,,,,,,,,,,,,,,,,,,,,,,,,,,,,,,,,89.0,,,,,10065.0,60.0,42,0.7095890410958905,25.0,7.0
292,2013-12-15,1777.5,2700.5,,,,,,,,,,,,,,,,,,,,,,,,,,,,,,,,,,,,,,,,,,,80.0,,,,,8052.0,48.0,49,0.843835616438356,25.0,7.0
293,2013-12-22,1479.0,2245.0,,,,,,,,,,,,,,,,,,,,,,,,,,,,,,,,,,,,,,,,,,,80.0,,,,,6039.0,36.0,56,0.9780821917808219,25.0,7.0
294,2013-12-29,,,,,,,,,,,,,,,,,,,,,,,,,,,,,,,,,,,,,,,,,,,,,75.0,,,,,,,63,1.1123287671232878,25.0,7.0
295,2014-01-05,145.0,193.0,,,,,,,,,,,,,,,,,,,,,,,,,,,,,,,,,,,,,,,,,,,70.0,,,,,2014.0,1.0,70,1.2465753424657535,25.0,7.0
296,2014-01-12,336.0,426.0,,,,,,,,,,,,,,,,,,,,,,,,,,,,,,,,,,,,,,,,,,,68.0,,,,,4028.0,2.0,77,1.3808219178082193,25.0,7.0
297,2014-01-19,1962.5,2905.5,,,,,,,,,,,,,,,,,,,,,,,,,,,,,,,,,,,,,,,,,,,71.0,,,,,8056.0,4.0,84,1.5150684931506846,25.0,7.0
298,2014-01-26,1951.0,2872.0,,,,,,,,,,,,,,,,,,,,,,,,,,,,,,,,,,,,,,,,,,,75.0,,,,,6042.0,3.0,91,1.6493150684931506,25.0,7.0
299,2014-02-02,2122.5,3113.5,,,,,,,,,,,,,,,,,,,,,,,,,,,,,,,,,,,,,,,,,,,90.0,,,,,10070.0,6.0,98,1.7835616438356163,25.0,14.0
300,2014-02-09,829.0,1096.0,,,,,,,,,,,,,,,,,,,,,,,,,,,,,,,,,,,,,,,,,,,100.0,,,,,6042.0,6.0,105,1.917808219178082,25.0,14.0
301,2014-02-16,,,,,,,,,,,,,,,,,,,,,,,,,,,,,,,,,,,,,,,,,,,,,103.0,,,,,,,112,2.052054794520548,25.0,14.0
302,2014-02-23,1505.5,2271.5,,,,,,,,,,,,,,,,,,,,,,,,,,,,,,,,,,,,,,,,,,,108.0,,,,,6042.0,6.0,119,2.186301369863014,25.0,14.0
303,2014-03-02,984.0,1299.0,,,,,,,,,,,,,,,,,,,,,,,,,,,,,,,,,,,,,,,,,,,102.0,,,,,8056.0,8.0,126,2.3205479452054796,25.0,14.0
304,2014-03-09,,,,,,,,,,,,,,,,,,,,,,,,,,,,,,,,,,,,,,,,,,,,,83.0,,,,,,,114,2.1041095890410957,25.0,12.0
305,2014-03-16,,,,,,,,,,,,,,,,,,,,,,,,,,,,,,,,,,,,,,,,,,,,,83.0,,,,,,,120,2.219178082191781,25.0,12.0
306,2014-03-23,,,,,,,,,,,,,,,,,,,,,,,,,,,,,,,,,,,,,,,,,,,,,83.0,,,,,,,126,2.334246575342466,25.0,12.0
307,2014-03-30,,,,,,,,,,,,,,,,,,,,,,,,,,,,,,,,,,,,,,,,,,,,,75.0,,,,,,,132,2.44931506849315,25.0,12.0
308,2014-04-06,,,,,,,,,,,,,,,,,,,,,,,,,,,,,,,,,,,,,,,,,,,,,,,,,,,,138,2.5643835616438357,25.0,12.0
309,2014-04-13,,,,,,,,,,,,,,,,,,,,,,,,,,,,,,,,,,,,,,,,,,,,,,,,,,,,144,2.6794520547945204,25.0,12.0
310,2014-04-20,,,,,,,,,,,,,,,,,,,,,,,,,,,,,,,,,,,,,,,,,,,,,,,,,,,,150,2.7945205479452055,25.0,12.0
311,2014-04-27,,,,,,,,,,,,,,,,,,,,,,,,,,,,,,,,,,,,,,,,,,,,,,,,,,,,156,2.9095890410958902,25.0,12.0
312,2014-05-04,,,,,,,,,,,,,,,,,,,,,,,,,,,,,,,,,,,,,,,,,,,,,,,,,,,,162,3.024657534246576,25.0,18.0
313,2014-05-11,,,,,,,,,,,,,,,,,,,,,,,,,,,,,,,,,,,,,,,,,,,,,,,,,,,,168,3.13972602739726,25.0,18.0
314,2014-05-18,,,,,,,,,,,,,,,,,,,,,,,,,,,,,,,,,,,,,,,,,,,,,,,,,,,,174,3.2547945205479456,25.0,18.0
315,2014-05-25,,,,,,,,,,,,,,,,,,,,,,,,,,,,,,,,,,,,,,,,,,,,,,,,,,,,180,3.3698630136986303,25.0,18.0
316,2014-06-01,,,,,,,,,,,,,,,,,,,,,,,,,,,,,,,,,,,,,,,,,,,,,,,,,,,,186,3.4849315068493145,25.0,18.0
317,2014-06-08,,,,,,,,,,,,,,,,,,,,,,,,,,,,,,,,,,,,,,,,,,,,,,,,,,,,192,3.6,25.0,18.0
318,2014-06-15,,,,,,,,,,,,,,,,,,,,,,,,,,,,,,,,,,,,,,,,,,,,,,,,,,,,198,3.7150684931506848,25.0,18.0
319,2014-06-22,,,,,,,,,,,,,,,,,,,,,,,,,,,,,,,,,,,,,,,,,,,,,,,,,,,,204,3.8301369863013703,25.0,18.0
320,2014-06-29,,,,,,,,,,,,,,,,,,,,,,,,,,,,,,,,,,,,,,,,,,,,,,,,,,,,210,3.9452054794520546,25.0,18.0
321,2014-07-06,,,,,,,,,,,,,,,,,,,,,,,,,,,,,,,,,,,,,,,,,,,,,,,,,,,,216,4.060273972602739,25.0,18.0
322,2014-07-13,,,,,,,,,,,,,,,,,,,,,,,,,,,,,,,,,,,,,,,,,,,,,,,,,,,,222,4.175342465753425,25.0,18.0
323,2014-07-20,,,,,,,,,,,,,,,,,,,,,,,,,,,,,,,,,,,,,,,,,,,,,,,,,,,,228,4.2904109589041095,25.0,18.0
324,2014-07-27,,,,,,,,,,,,,,,,,,,,,,,,,,,,,,,,,,,,,,,,,,,,,,,,,,,,234,4.405479452054794,25.0,18.0
325,2014-08-03,,,,,,,,,,,,,,,,,,,,,,,,,,,,,,,,,,,,,,,,,,,,,,,,,,,,240,4.52054794520548,25.0,24.0
326,2014-08-10,,,,,,,,,,,,,,,,,,,,,,,,,,,,,,,,,,,,,,,,,,,,,,,,,,,,246,4.635616438356164,25.0,24.0
327,2014-08-17,,,,,,,,,,,,,,,,,,,,,,,,,,,,,,,,,,,,,,,,,,,,,,,,,,,,252,4.750684931506849,25.0,24.0
328,2014-08-24,,,,,,,,,,,,,,,,,,,,,,,,,,,,,,,,,,,,,,,,,,,,,,,,,,,,258,4.865753424657535,25.0,24.0
329,2014-08-31,,,,,,,,,,,,,,,,,,,,,,,,,,,,,,,,,,,,,,,,,,,,,,,,,,,,264,4.980821917808219,25.0,24.0
330,2014-09-07,,,,,,,,,,,,,,,,,,,,,,,,,,,,,,,,,,,,,,,,,,,,,,,,,,,,270,5.095890410958904,25.0,24.0
331,2014-09-14,,,,,,,,,,,,,,,,,,,,,,,,,,,,,,,,,,,,,,,,,,,,,,,,,,,,276,5.210958904109589,25.0,24.0
332,2014-09-21,,,,,,,,,,,,,,,,,,,,,,,,,,,,,,,,,,,,,,,,,,,,,,,,,,,,282,5.326027397260274,25.0,24.0
333,2014-09-28,,,,,,,,,,,,,,,,,,,,,,,,,,,,,,,,,,,,,,,,,,,,,,,,,,,,288,5.441095890410959,25.0,24.0
334,2014-10-05,,,,,,,,,,,,,,,,,,,,,,,,,,,,,,,,,,,,,,,,,,,,,,,,,,,,294,5.556164383561644,25.0,24.0
335,2014-10-12,,,,,,,,,,,,,,,,,,,,,,,,,,,,,,,,,,,,,,,,,,,,,,,,,,,,300,5.671232876712328,25.0,24.0
336,2014-10-19,,,,,,,,,,,,,,,,,,,,,,,,,,,,,,,,,,,,,,,,,,,,,,,,,,,,306,5.786301369863013,25.0,24.0
337,2014-10-26,,,,,,,,,,,,,,,,,,,,,,,,,,,,,,,,,,,,,,,,,,,,,,,,,,,,312,5.901369863013699,25.0,24.0
338,2014-11-02,,,,,,,,,,,,,,,,,,,,,,,,,,,,,,,,,,,,,,,,,,,,,,,,,,,,6,0.01643835616438356,31.0,6.0
339,2014-11-09,,,,,,,,,,,,,,,,,,,,,,,,,,,,,,,,,,,,,,,,,,,,,,,,,,,,12,0.13150684931506848,31.0,6.0
340,2014-11-16,,,,,,,,,,,,,,,,,,,,,,,,,,,,,,,,,,,,,,,,,,,,,,,,,,,,18,0.2465753424657534,31.0,6.0
341,2014-11-23,,,,,,,,,,,,,,,,,,,,,,,,,,,,,,,,,,,,,,,,,,,,,,,,,,,,24,0.3616438356164383,31.0,6.0
342,2014-11-30,,,,,,,,,,,,,,,,,,,,,,,,,,,,,,,,,,,,,,,,,,,,,,,,,,,,30,0.47671232876712333,31.0,6.0
343,2014-12-07,,,,,,,,,,,,,,,,,,,,,,,,,,,,,,,,,,,,,,,,,,,,,,,,,,,,36,0.5917808219178082,31.0,6.0
344,2014-12-14,,,,,,,,,,,,,,,,,,,,,,,,,,,,,,,,,,,,,,,,,,,,,,,,,,,,42,0.7068493150684931,31.0,6.0
345,2014-12-21,,,,,,,,,,,,,,,,,,,,,,,,,,,,,,,,,,,,,,,,,,,,,,,,,,,,48,0.821917808219178,31.0,6.0
346,2014-12-28,,,,,,,,,,,,,,,,,,,,,,,,,,,,,,,,,,,,,,,,,,,,,,,,,,,,54,0.936986301369863,31.0,6.0
347,2015-01-04,,,,,,,,,,,,,,,,,,,,,,,,,,,,,,,,,,,,,,,,,,,,,,,,,,,,60,1.0520547945205478,31.0,6.0
348,2015-01-11,,,,,,,,,,,,,,,,,,,,,,,,,,,,,,,,,,,,,,,,,,,,,,,,,,,,66,1.167123287671233,31.0,6.0
349,2015-01-18,,,,,,,,,,,,,,,,,,,,,,,,,,,,,,,,,,,,,,,,,,,,,,,,,,,,72,1.2821917808219179,31.0,6.0
350,2015-01-25,,,,,,,,,,,,,,,,,,,,,,,,,,,,,,,,,,,,,,,,,,,,,,,,,,,,78,1.3972602739726028,31.0,6.0
351,2015-02-01,,,,,,,,,,,,,,,,,,,,,,,,,,,,,,,,,,,,,,,,,,,,,,,,,,,,84,1.512328767123288,31.0,12.0
352,2015-02-08,,,,,,,,,,,,,,,,,,,,,,,,,,,,,,,,,,,,,,,,,,,,,,,,,,,,90,1.6273972602739728,31.0,12.0
353,2015-02-15,,,,,,,,,,,,,,,,,,,,,,,,,,,,,,,,,,,,,,,,,,,,,,,,,,,,96,1.7424657534246573,31.0,12.0
354,2015-02-22,,,,,,,,,,,,,,,,,,,,,,,,,,,,,,,,,,,,,,,,,,,,,,,,,,,,102,1.8575342465753424,31.0,12.0
355,2015-03-01,,,,,,,,,,,,,,,,,,,,,,,,,,,,,,,,,,,,,,,,,,,,,,,,,,,,108,1.9726027397260273,31.0,12.0
356,2015-03-08,,,,,,,,,,,,,,,,,,,,,,,,,,,,,,,,,,,,,,,,,,,,,,,,,,,,114,2.0876712328767124,31.0,12.0
357,2015-03-15,,,,,,,,,,,,,,,,,,,,,,,,,,,,,,,,,,,,,,,,,,,,,,,,,,,,120,2.202739726027397,31.0,12.0
358,2015-03-22,,,,,,,,,,,,,,,,,,,,,,,,,,,,,,,,,,,,,,,,,,,,,,,,,,,,126,2.317808219178082,31.0,12.0
359,2015-03-29,,,,,,,,,,,,,,,,,,,,,,,,,,,,,,,,,,,,,,,,,,,,,,,,,,,,132,2.4328767123287673,31.0,12.0
360,2015-04-05,,,,,,,,,,,,,,,,,,,,,,,,,,,,,,,,,,,,,,,,,,,,,,,,,,,,138,2.547945205479452,31.0,12.0
361,2015-04-12,,,,,,,,,,,,,,,,,,,,,,,,,,,,,,,,,,,,,,,,,,,,,,,,,,,,144,2.663013698630137,31.0,12.0
362,2015-04-19,,,,,,,,,,,,,,,,,,,,,,,,,,,,,,,,,,,,,,,,,,,,,,,,,,,,150,2.778082191780822,31.0,12.0
363,2015-04-26,,,,,,,,,,,,,,,,,,,,,,,,,,,,,,,,,,,,,,,,,,,,,,,,,,,,156,2.8931506849315065,31.0,12.0
364,2015-05-03,,,,,,,,,,,,,,,,,,,,,,,,,,,,,,,,,,,,,,,,,,,,,,,,,,,,162,3.008219178082192,31.0,18.0
365,2015-05-10,,,,,,,,,,,,,,,,,,,,,,,,,,,,,,,,,,,,,,,,,,,,,,,,,,,,168,3.1232876712328763,31.0,18.0
366,2015-05-17,,,,,,,,,,,,,,,,,,,,,,,,,,,,,,,,,,,,,,,,,,,,,,,,,,,,174,3.238356164383562,31.0,18.0
367,2015-05-24,,,,,,,,,,,,,,,,,,,,,,,,,,,,,,,,,,,,,,,,,,,,,,,,,,,,180,3.3534246575342466,31.0,18.0
368,2015-05-31,1035.0,1602.0,,,,,,,,,,,,,,,,,,,,,,,,,,,,,,,,,,,,,,,,,,,35.0,,,,,2015.0,5.0,186,3.468493150684931,31.0,18.0
369,2015-06-07,,,,,,,,,,,,,,,,,,,,,,,,,,,,,,,,,,,,,,,,,,,,,28.0,,,,,,,192,3.5835616438356164,31.0,18.0
370,2015-06-14,1036.0,1603.0,,,,,,,,,,,,,,,,,,,,,,,,,,,,,,,,,,,,,,,,,,,20.0,,,,,2015.0,6.0,198,3.698630136986302,31.0,18.0
371,2015-06-21,1037.0,1604.0,,,,,,,,,,,,,,,,,,,,,,,,,,,,,,,,,,,,,,,,,,,38.0,,,,,2015.0,6.0,204,3.8136986301369866,31.0,18.0
372,2015-06-28,1039.5,1606.5,,,,,,,,,,,,,,,,,,,,,,,,,,,,,,,,,,,,,,,,,,,24.0,,,,,2015.0,6.0,210,3.928767123287671,31.0,18.0
373,2015-07-05,1042.0,1609.0,,,,,,,,,,,,,,,,,,,,,,,,,,,,,,,,,,,,,,,,,,,25.0,,,,,2015.0,7.0,216,4.043835616438356,31.0,18.0
374,2015-07-12,,,,,,,,,,,,,,,,,,,,,,,,,,,,,,,,,,,,,,,,,,,,,27.0,,,,,,,222,4.1589041095890416,31.0,18.0
375,2015-07-19,,,,,,,,,,,,,,,,,,,,,,,,,,,,,,,,,,,,,,,,,,,,,28.0,,,,,,,228,4.273972602739726,31.0,18.0
376,2015-07-26,1043.0,1610.0,,,,,,,,,,,,,,,,,,,,,,,,,,,,,,,,,,,,,,,,,,,30.0,,,,,2015.0,7.0,234,4.389041095890411,31.0,18.0
377,2015-08-02,1044.0,1611.0,,,,,,,,,,,,,,,,,,,,,,,,,,,,,,,,,,,,,,,,,,,30.0,,,,,2015.0,7.0,240,4.504109589041096,31.0,24.0
378,2015-08-09,1045.0,1612.0,,,,,,,,,,,,,,,,,,,,,,,,,,,,,,,,,,,,,,,,,,,30.0,,,,,2015.0,8.0,246,4.61917808219178,31.0,24.0
379,2015-08-16,1046.0,1613.0,,,,,,,,,,,,,,,,,,,,,,,,,,,,,,,,,,,,,,,,,,,6.0,,,,,2015.0,8.0,252,4.734246575342466,31.0,24.0
380,2015-08-23,1047.0,1614.0,,,,,,,,,,,,,,,,,,,,,,,,,,,,,,,,,,,,,,,,,,,36.0,,,,,2015.0,8.0,258,4.8493150684931505,31.0,24.0
381,2015-08-30,1048.0,1615.0,,,,,,,,,,,,,,,,,,,,,,,,,,,,,,,,,,,,,,,,,,,18.0,,,,,2015.0,8.0,264,4.964383561643836,31.0,24.0
382,2015-09-06,1049.0,1616.0,,,,,,,,,,,,,,,,,,,,,,,,,,,,,,,,,,,,,,,,,,,25.0,,,,,2015.0,9.0,270,5.07945205479452,31.0,24.0
383,2015-09-13,,,,,,,,,,,,,,,,,,,,,,,,,,,,,,,,,,,,,,,,,,,,,25.0,,,,,,,276,5.194520547945205,31.0,24.0
384,2015-09-20,,,,,,,,,,,,,,,,,,,,,,,,,,,,,,,,,,,,,,,,,,,,,24.0,,,,,,,282,5.309589041095891,31.0,24.0
385,2015-09-27,,,,,,,,,,,,,,,,,,,,,,,,,,,,,,,,,,,,,,,,,,,,,24.0,,,,,,,288,5.424657534246575,31.0,24.0
386,2015-10-04,,,,,,,,,,,,,,,,,,,,,,,,,,,,,,,,,,,,,,,,,,,,,24.0,,,,,,,294,5.53972602739726,31.0,24.0
387,2015-10-11,,,,,,,,,,,,,,,,,,,,,,,,,,,,,,,,,,,,,,,,,,,,,,,,,,,,300,5.654794520547945,31.0,24.0
388,2015-10-18,,,,,,,,,,,,,,,,,,,,,,,,,,,,,,,,,,,,,,,,,,,,,,,,,,,,306,5.769863013698631,31.0,24.0
389,2015-10-25,1678.0,2505.0,,,,,,,,,,,,,,,,,,,,,,,,,,,,,,,,,,,,,,,,,,,31.0,,,,,4030.0,20.0,364,6.865753424657535,30.0,28.0
390,2015-11-01,1076.0,1675.0,,,,,,,,,,,,,,,,,,,,,,,,,,,,,,,,,,,,,,,,,,,34.0,,,,,4030.0,20.0,7,0.0,37.0,7.0
391,2015-11-08,629.0,889.0,,,,,,,,,,,,,,,,,,,,,,,,,,,,,,,,,,,,,,,,,,,34.0,,,,,2015.0,11.0,14,0.13424657534246576,37.0,7.0
392,2015-11-15,1052.0,1619.0,,,,,,,,,,,,,,,,,,,,,,,,,,,,,,,,,,,,,,,,,,,36.0,,,,,2015.0,11.0,21,0.2684931506849315,37.0,7.0
393,2015-11-22,26.0,58.0,,,,,,,,,,,,,,,,,,,,,,,,,,,,,,,,,,,,,,,,,,,38.0,,,,,2015.0,11.0,28,0.4027397260273972,37.0,7.0
394,2015-11-29,,,,,,,,,,,,,,,,,,,,,,,,,,,,,,,,,,,,,,,,,,,,,36.0,,,,,,,35,0.536986301369863,37.0,7.0
395,2015-12-06,,,,,,,,,,,,,,,,,,,,,,,,,,,,,,,,,,,,,,,,,,,,,34.0,,,,,,,42,0.6712328767123288,37.0,7.0
396,2015-12-13,,,,,,,,,,,,,,,,,,,,,,,,,,,,,,,,,,,,,,,,,,,,,25.0,,,,,,,49,0.8054794520547944,37.0,7.0
397,2015-12-20,,,,,,,,,,,,,,,,,,,,,,,,,,,,,,,,,,,,,,,,,,,,,6.0,,,,,,,56,0.9397260273972603,37.0,7.0
398,2015-12-27,,,,,,,,,,,,,,,,,,,,,,,,,,,,,,,,,,,,,,,,,,,,,,,,,,,,63,1.073972602739726,37.0,7.0
399,2016-01-03,1400.0,2144.0,,,,,,,,,,,,,,,,,,,,,,,,,,,,,,,,,,,,,,,,,,,23.0,,,,,6046.0,25.0,70,1.208219178082192,37.0,7.0
400,2016-01-10,2195.0,3221.0,,,,,,,,,,,,,,,,,,,,,,,,,,,,,,,,,,,,,,,,,,,34.0,,,,,8064.0,4.0,88,1.5342465753424657,36.0,8.0
401,2016-01-17,3513.5,5264.5,,,,,,,,,,,,,,,,,,,,,,,,,,,,,,,,,,,,,,,,,,,78.0,,,,,14112.0,7.0,108,1.898630136986301,35.0,9.0
402,2016-01-24,1648.5,2304.5,,,,,,,,,,,,,,,,,,,,,,,,,,,,,,,,,,,,,,,,,,,79.0,,,,,10080.0,5.0,117,2.0712328767123287,35.0,9.0
403,2016-01-31,2666.5,3981.5,,,,,,,,,,,,,,,,,,,,,,,,,,,,,,,,,,,,,,,,,,,73.0,,,,,10080.0,5.0,126,2.243835616438356,35.0,9.0
404,2016-02-07,3799.5,5841.5,,,,,,,,,,,,,,,,,,,,,,,,,,,,,,,,,,,,,,,,,,,81.0,,,,,12096.0,12.0,135,2.4164383561643836,35.0,18.0
405,2016-02-14,2898.0,4430.0,,,,,,,,,,,,,,,,,,,,,,,,,,,,,,,,,,,,,,,,,,,96.0,,,,,8064.0,8.0,144,2.5890410958904106,35.0,18.0
406,2016-02-21,2159.5,3232.5,,,,,,,,,,,,,,,,,,,,,,,,,,,,,,,,,,,,,,,,,,,80.0,,,,,8064.0,8.0,153,2.7616438356164386,35.0,18.0
407,2016-02-28,4544.5,6813.5,,,,,,,,,,,,,,,,,,,,,,,,,,,,,,,,,,,,,,,,,,,94.0,,,,,14112.0,14.0,180,3.260273972602739,34.0,20.0
408,2016-03-06,4308.0,6658.0,,,,,,,,,,,,,,,,,,,,,,,,,,,,,,,,,,,,,,,,,,,126.0,,,,,12096.0,16.166666666666668,190,3.452054794520549,34.0,20.0
409,2016-03-13,4669.5,7130.5,,,,,,,,,,,,,,,,,,,,,,,,,,,,,,,,,,,,,,,,,,,128.0,,,,,14112.0,21.0,200,3.643835616438356,34.0,20.0
410,2016-03-20,2293.0,3351.0,,,,,,,,,,,,,,,,,,,,,,,,,,,,,,,,,,,,,,,,,,,129.0,,,,,10080.0,15.0,210,3.8356164383561637,34.0,20.0
411,2016-03-27,1084.0,1581.0,,,,,,,,,,,,,,,,,,,,,,,,,,,,,,,,,,,,,,,,,,,135.0,,,,,4032.0,6.0,220,4.027397260273973,34.0,20.0
412,2016-04-03,,,,,,,,,,,,,,,,,,,,,,,,,,,,,,,,,,,,,,,,,,,,,127.0,,,,,,,230,4.21917808219178,34.0,20.0
413,2016-04-10,3517.5,5378.5,,,,,,,,,,,,,,,,,,,,,,,,,,,,,,,,,,,,,,,,,,,120.0,,,,,10080.0,20.0,240,4.410958904109589,34.0,20.0
414,2016-04-17,2834.0,4341.0,,,,,,,,,,,,,,,,,,,,,,,,,,,,,,,,,,,,,,,,,,,120.0,,,,,10080.0,20.0,250,4.602739726027397,34.0,20.0
415,2016-04-24,1531.0,2242.0,,,,,,,,,,,,,,,,,,,,,,,,,,,,,,,,,,,,,,,,,,,142.0,,,,,6048.0,12.0,260,4.794520547945205,34.0,20.0
416,2016-05-01,4224.5,6377.5,,,,,,,,,,,,,,,,,,,,,,,,,,,,,,,,,,,,,,,,,,,132.0,,,,,14112.0,28.0,270,4.986301369863014,34.0,30.0
417,2016-05-08,3501.0,5447.0,,,,,,,,,,,,,,,,,,,,,,,,,,,,,,,,,,,,,,,,,,,144.0,,,,,10080.0,25.0,280,5.178082191780823,34.0,30.0
418,2016-05-15,1339.5,2098.5,,,,,,,,,,,,,,,,,,,,,,,,,,,,,,,,,,,,,,,,,,,149.0,,,,,4032.0,10.0,290,5.36986301369863,34.0,30.0
419,2016-05-22,3551.0,5412.0,,,,,,,,,,,,,,,,,,,,,,,,,,,,,,,,,,,,,,,,,,,165.0,,,,,10080.0,25.0,300,5.5616438356164375,34.0,30.0
420,2016-05-29,,,,,,,,,,,,,,,,,,,,,,,,,,,,,,,,,,,,,,,,,,,,,143.0,,,,,,,310,5.753424657534246,34.0,30.0
421,2016-06-05,3558.0,5419.0,,,,,,,,,,,,,,,,,,,,,,,,,,,,,,,,,,,,,,,,,,,114.0,,,,,10080.0,27.0,320,5.9452054794520555,34.0,30.0
422,2016-06-12,3123.5,4884.5,,,,,,,,,,,,,,,,,,,,,,,,,,,,,,,,,,,,,,,,,,,79.0,,,,,8064.0,24.0,330,6.136986301369864,34.0,30.0
423,2016-06-19,1085.0,1481.0,,,,,,,,,,,,,,,,,,,,,,,,,,,,,,,,,,,,,,,,,,,109.0,,,,,8064.0,24.0,340,6.328767123287671,34.0,30.0
424,2016-06-26,3035.0,4667.0,,,,,,,,,,,,,,,,,,,,,,,,,,,,,,,,,,,,,,,,,,,157.0,,,,,10080.0,30.0,385,7.172602739726026,33.0,33.0
425,2016-07-03,2117.5,3328.5,,,,,,,,,,,,,,,,,,,,,,,,,,,,,,,,,,,,,,,,,,,84.0,,,,,6048.0,19.0,360,6.712328767123289,34.0,30.0
426,2016-07-10,1183.5,1778.5,,,,,,,,,,,,,,,,,,,,,,,,,,,,,,,,,,,,,,,,,,,63.0,,,,,6048.0,21.0,370,6.904109589041098,34.0,30.0
427,2016-07-17,2842.5,4317.5,,,,,,,,,,,,,,,,,,,,,,,,,,,,,,,,,,,,,,,,,,,69.0,,,,,8064.0,28.0,380,7.095890410958904,34.0,30.0
428,2016-07-24,2334.0,3463.0,,,,,,,,,,,,,,,,,,,,,,,,,,,,,,,,,,,,,,,,,,,75.0,,,,,10080.0,35.0,390,7.287671232876712,34.0,30.0
429,2016-07-31,3074.5,4732.5,,,,,,,,,,,,,,,,,,,,,,,,,,,,,,,,,,,,,,,,,,,103.0,,,,,8064.0,28.0,400,7.479452054794519,34.0,30.0
430,2016-08-07,3472.0,5206.0,,,,,,,,,,,,,,,,,,,,,,,,,,,,,,,,,,,,,,,,,,,87.0,,,,,12096.0,48.0,369,6.904109589041095,31.0,36.0
431,2016-08-14,,,,,,,,,,,,,,,,,,,,,,,,,,,,,,,,,,,,,,,,,,,,,107.0,,,,,,,378,7.076712328767124,31.0,36.0
432,2016-08-21,385.0,496.0,,,,,,,,,,,,,,,,,,,,,,,,,,,,,,,,,,,,,,,,,,,129.0,,,,,2016.0,8.0,387,7.249315068493151,31.0,36.0
433,2016-08-28,2584.0,3786.0,,,,,,,,,,,,,,,,,,,,,,,,,,,,,,,,,,,,,,,,,,,161.0,,,,,10080.0,40.0,396,7.4219178082191775,31.0,36.0
434,2016-09-04,1162.5,1725.5,,,,,,,,,,,,,,,,,,,,,,,,,,,,,,,,,,,,,,,,,,,129.0,,,,,4032.0,16.0,405,7.594520547945204,31.0,36.0
435,2016-09-11,1212.5,1807.5,,,,,,,,,,,,,,,,,,,,,,,,,,,,,,,,,,,,,,,,,,,113.0,,,,,6048.0,27.0,414,7.767123287671234,31.0,36.0
436,2016-09-18,48.0,80.0,,,,,,,,,,,,,,,,,,,,,,,,,,,,,,,,,,,,,,,,,,,109.0,,,,,2016.0,9.0,423,7.939726027397261,31.0,36.0
437,2016-09-25,3093.5,4642.5,,,,,,,,,,,,,,,,,,,,,,,,,,,,,,,,,,,,,,,,,,,117.0,,,,,10080.0,45.0,432,8.112328767123287,31.0,36.0
438,2016-10-02,,,,,,,,,,,,,,,,,,,,,,,,,,,,,,,,,,,,,,,,,,,,,98.0,,,,,,,392,7.364383561643835,32.0,32.0
439,2016-10-09,,,,,,,,,,,,,,,,,,,,,,,,,,,,,,,,,,,,,,,,,,,,,108.0,,,,,,,400,7.517808219178081,32.0,32.0
440,2016-10-16,1568.5,2438.5,,,,,,,,,,,,,,,,,,,,,,,,,,,,,,,,,,,,,,,,,,,117.0,,,,,6048.0,30.0,408,7.671232876712329,32.0,32.0
441,2016-10-23,1393.5,2038.5,,,,,,,,,,,,,,,,,,,,,,,,,,,,,,,,,,,,,,,,,,,74.0,,,,,8064.0,40.0,364,6.846575342465753,33.0,28.0
442,2016-10-30,566.0,727.0,,,,,,,,,,,,,,,,,,,,,,,,,,,,,,,,,,,,,,,,,,,61.0,,,,,4032.0,20.0,371,6.980821917808219,33.0,28.0
443,2016-11-06,,,,,,,,,,,,,,,,,,,,,,,,,,,,,,,,,,,,,,,,,,,,,60.0,,,,,,,14,0.11506849315068493,40.0,7.0
444,2016-11-13,,,,,,,,,,,,,,,,,,,,,,,,,,,,,,,,,,,,,,,,,,,,,58.0,,,,,,,21,0.24931506849315066,40.0,7.0
445,2016-11-20,,,,,,,,,,,,,,,,,,,,,,,,,,,,,,,,,,,,,,,,,,,,,57.0,,,,,,,28,0.3835616438356164,40.0,7.0
446,2016-11-27,,,,,,,,,,,,,,,,,,,,,,,,,,,,,,,,,,,,,,,,,,,,,31.0,,,,,,,35,0.5178082191780823,40.0,7.0
447,2016-12-04,,,,,,,,,,,,,,,,,,,,,,,,,,,,,,,,,,,,,,,,,,,,,,,,,,,,42,0.6520547945205479,40.0,7.0
448,2016-12-11,,,,,,,,,,,,,,,,,,,,,,,,,,,,,,,,,,,,,,,,,,,,,,,,,,,,49,0.7863013698630137,40.0,7.0
449,2016-12-18,1723.5,2694.5,,,,,,,,,,,,,,,,,,,,,,,,,,,,,,,,,,,,,,,,,,,41.0,,,,,4032.0,24.0,64,1.0520547945205478,40.0,8.0
450,2016-12-25,1749.0,2547.0,,,,,,,,,,,,,,,,,,,,,,,,,,,,,,,,,,,,,,,,,,,92.0,,,,,8064.0,48.0,72,1.2054794520547942,40.0,8.0
451,2017-01-01,1701.5,2467.5,,,,,,,,,,,,,,,,,,,,,,,,,,,,,,,,,,,,,,,,,,,85.0,,,,,6048.0,36.0,80,1.3369863013698633,40.0,8.0
452,2017-01-08,1859.0,2808.0,,,,,,,,,,,,,,,,,,,,,,,,,,,,,,,,,,,,,,,,,,,85.0,,,,,6051.0,3.0,99,1.6767123287671235,39.0,9.0
453,2017-01-15,521.0,724.0,,,,,,,,,,,,,,,,,,,,,,,,,,,,,,,,,,,,,,,,,,,85.0,,,,,2017.0,1.0,108,1.8493150684931503,39.0,9.0
454,2017-01-22,2706.5,4023.5,,,,,,,,,,,,,,,,,,,,,,,,,,,,,,,,,,,,,,,,,,,87.0,,,,,10085.0,5.0,117,2.021917808219178,39.0,9.0
455,2017-01-29,54.5,86.5,,,,,,,,,,,,,,,,,,,,,,,,,,,,,,,,,,,,,,,,,,,111.0,,,,,2017.0,1.0,126,2.1945205479452055,39.0,9.0
456,2017-02-05,3254.0,4984.0,,,,,,,,,,,,,,,,,,,,,,,,,,,,,,,,,,,,,,,,,,,159.0,,,,,10085.0,9.0,135,2.3671232876712325,39.0,18.0
457,2017-02-12,2718.5,4040.5,,,,,,,,,,,,,,,,,,,,,,,,,,,,,,,,,,,,,,,,,,,160.0,,,,,10085.0,10.0,144,2.5397260273972604,39.0,18.0
458,2017-02-19,2994.0,4449.0,,,,,,,,,,,,,,,,,,,,,,,,,,,,,,,,,,,,,,,,,,,147.0,,,,,10085.0,10.0,153,2.712328767123287,39.0,18.0
459,2017-02-26,3410.5,5113.5,,,,,,,,,,,,,,,,,,,,,,,,,,,,,,,,,,,,,,,,,,,143.0,,,,,12102.0,12.0,162,2.8849315068493158,39.0,18.0
460,2017-03-05,2630.0,3881.0,,,,,,,,,,,,,,,,,,,,,,,,,,,,,,,,,,,,,,,,,,,154.0,,,,,10085.0,13.0,171,3.0575342465753423,39.0,18.0
461,2017-03-12,2747.5,4019.5,,,,,,,,,,,,,,,,,,,,,,,,,,,,,,,,,,,,,,,,,,,162.0,,,,,10085.0,15.0,180,3.2301369863013707,39.0,18.0
462,2017-03-19,3017.0,4472.0,,,,,,,,,,,,,,,,,,,,,,,,,,,,,,,,,,,,,,,,,,,138.0,,,,,10085.0,15.0,189,3.4027397260273973,39.0,18.0
463,2017-03-26,3334.5,5098.5,,,,,,,,,,,,,,,,,,,,,,,,,,,,,,,,,,,,,,,,,,,146.0,,,,,8068.0,12.0,198,3.575342465753424,39.0,18.0
464,2017-04-02,3009.5,4531.5,,,,,,,,,,,,,,,,,,,,,,,,,,,,,,,,,,,,,,,,,,,178.0,,,,,10085.0,15.0,230,4.164383561643835,38.0,20.0
465,2017-04-09,4075.0,6187.0,,,,,,,,,,,,,,,,,,,,,,,,,,,,,,,,,,,,,,,,,,,164.0,,,,,12102.0,24.0,240,4.3561643835616435,38.0,20.0
466,2017-04-16,4650.5,7122.5,,,,,,,,,,,,,,,,,,,,,,,,,,,,,,,,,,,,,,,,,,,202.0,,,,,14119.0,28.0,250,4.5479452054794525,38.0,20.0
467,2017-04-23,961.0,1275.0,,,,,,,,,,,,,,,,,,,,,,,,,,,,,,,,,,,,,,,,,,,214.0,,,,,4034.0,8.0,260,4.739726027397261,38.0,20.0
468,2017-04-30,1375.0,2005.0,,,,,,,,,,,,,,,,,,,,,,,,,,,,,,,,,,,,,,,,,,,196.0,,,,,4034.0,8.0,270,4.9315068493150696,38.0,20.0
469,2017-05-07,3709.5,5662.5,,,,,,,,,,,,,,,,,,,,,,,,,,,,,,,,,,,,,,,,,,,201.0,,,,,12102.0,30.0,280,5.123287671232877,38.0,30.0
470,2017-05-14,4781.5,7324.5,,,,,,,,,,,,,,,,,,,,,,,,,,,,,,,,,,,,,,,,,,,188.0,,,,,14119.0,35.0,290,5.315068493150684,38.0,30.0
471,2017-05-21,5064.0,7695.0,,,,,,,,,,,,,,,,,,,,,,,,,,,,,,,,,,,,,,,,,,,191.0,,,,,14119.0,35.0,300,5.506849315068492,38.0,30.0
472,2017-05-28,1679.0,2454.0,,,,,,,,,,,,,,,,,,,,,,,,,,,,,,,,,,,,,,,,,,,204.0,,,,,6051.0,15.0,310,5.698630136986302,38.0,30.0
473,2017-06-04,2463.0,3615.0,,,,,,,,,,,,,,,,,,,,,,,,,,,,,,,,,,,,,,,,,,,208.0,,,,,8068.0,23.0,320,5.89041095890411,38.0,30.0
474,2017-06-11,5767.5,8829.5,,,,,,,,,,,,,,,,,,,,,,,,,,,,,,,,,,,,,,,,,,,197.0,,,,,16136.0,48.0,330,6.082191780821918,38.0,30.0
475,2017-06-18,4893.5,7418.5,,,,,,,,,,,,,,,,,,,,,,,,,,,,,,,,,,,,,,,,,,,180.0,,,,,16136.0,48.0,340,6.2739726027397245,38.0,30.0
476,2017-06-25,4729.0,7201.0,,,,,,,,,,,,,,,,,,,,,,,,,,,,,,,,,,,,,,,,,,,191.0,,,,,14119.0,42.0,350,6.465753424657535,38.0,30.0
477,2017-07-02,6929.0,10694.0,,,,,,,,,,,,,,,,,,,,,,,,,,,,,,,,,,,,,,,,,,,200.0,,,,,16136.0,48.0,396,7.323287671232879,37.0,33.0
478,2017-07-09,3700.0,5667.0,,,,,,,,,,,,,,,,,,,,,,,,,,,,,,,,,,,,,,,,,,,158.0,,,,,10085.0,35.0,407,7.534246575342466,37.0,33.0
479,2017-07-16,3951.0,5971.0,,,,,,,,,,,,,,,,,,,,,,,,,,,,,,,,,,,,,,,,,,,137.0,,,,,12102.0,42.0,418,7.745205479452054,37.0,33.0
480,2017-07-23,804.0,1256.0,,,,,,,,,,,,,,,,,,,,,,,,,,,,,,,,,,,,,,,,,,,132.0,,,,,2017.0,7.0,429,7.956164383561642,37.0,33.0
481,2017-07-30,2287.5,3402.5,,,,,,,,,,,,,,,,,,,,,,,,,,,,,,,,,,,,,,,,,,,125.0,,,,,8068.0,28.0,440,8.167123287671231,37.0,33.0
482,2017-08-06,3498.5,5373.5,,,,,,,,,,,,,,,,,,,,,,,,,,,,,,,,,,,,,,,,,,,186.0,,,,,10085.0,39.0,451,8.378082191780823,37.0,44.0
483,2017-08-13,2658.0,4068.0,,,,,,,,,,,,,,,,,,,,,,,,,,,,,,,,,,,,,,,,,,,170.0,,,,,8068.0,32.0,462,8.589041095890412,37.0,44.0
484,2017-08-20,2909.0,4344.0,,,,,,,,,,,,,,,,,,,,,,,,,,,,,,,,,,,,,,,,,,,171.0,,,,,8068.0,32.0,473,8.799999999999999,37.0,44.0
485,2017-08-27,1876.5,2918.5,,,,,,,,,,,,,,,,,,,,,,,,,,,,,,,,,,,,,,,,,,,162.0,,,,,4034.0,16.0,484,9.010958904109588,37.0,44.0
486,2017-09-03,4081.0,6122.0,,,,,,,,,,,,,,,,,,,,,,,,,,,,,,,,,,,,,,,,,,,163.0,,,,,12102.0,48.0,495,9.22191780821918,37.0,44.0
487,2017-09-10,4740.0,7158.0,,,,,,,,,,,,,,,,,,,,,,,,,,,,,,,,,,,,,,,,,,,222.0,,,,,14119.0,63.0,552,10.29041095890411,36.0,48.0
488,2017-09-17,8575.0,13191.0,,,,,,,,,,,,,,,,,,,,,,,,,,,,,,,,,,,,,,,,,,,189.0,,,,,22187.0,99.0,611,11.397260273972602,35.0,52.0
489,2017-09-24,3321.0,5144.0,,,,,,,,,,,,,,,,,,,,,,,,,,,,,,,,,,,,,,,,,,,179.0,,,,,8068.0,36.0,528,9.854794520547944,37.0,44.0
490,2017-10-01,6406.5,9725.5,,,,,,,,,,,,,,,,,,,,,,,,,,,,,,,,,,,,,,,,,,,214.0,,,,,18153.0,81.0,539,10.065753424657531,37.0,44.0
491,2017-10-08,2389.0,3655.0,,,,,,,,,,,,,,,,,,,,,,,,,,,,,,,,,,,,,,,,,,,221.0,,,,,6051.0,30.0,550,10.276712328767124,37.0,44.0
492,2017-10-15,2796.5,4208.5,,,,,,,,,,,,,,,,,,,,,,,,,,,,,,,,,,,,,,,,,,,229.0,,,,,10085.0,50.0,561,10.48767123287671,37.0,44.0
493,2017-10-22,3056.0,4671.0,,,,,,,,,,,,,,,,,,,,,,,,,,,,,,,,,,,,,,,,,,,195.0,,,,,8068.0,40.0,572,10.698630136986303,37.0,44.0
494,2017-10-29,,,,,,,,,,,,,,,,,,,,,,,,,,,,,,,,,,,,,,,,,,,,,183.0,,,,,,,583,10.909589041095892,37.0,44.0
495,2017-11-05,3960.0,5981.0,,,,,,,,,,,,,,,,,,,,,,,,,,,,,,,,,,,,,,,,,,,171.0,,,,,10085.0,53.0,22,0.12054794520547943,48.0,11.0
496,2017-11-12,,,,,,,,,,,,,,,,,,,,,,,,,,,,,,,,,,,,,,,,,,,,,102.0,,,,,,,33,0.3315068493150684,48.0,11.0
497,2017-11-19,4115.0,6315.0,,,,,,,,,,,,,,,,,,,,,,,,,,,,,,,,,,,,,,,,,,,56.0,,,,,10085.0,55.0,44,0.5424657534246576,48.0,11.0
498,2017-11-26,5552.5,8334.5,,,,,,,,,,,,,,,,,,,,,,,,,,,,,,,,,,,,,,,,,,,116.0,,,,,18153.0,99.0,55,0.7534246575342467,48.0,11.0
499,2017-12-03,4335.5,6348.5,,,,,,,,,,,,,,,,,,,,,,,,,,,,,,,,,,,,,,,,,,,117.0,,,,,16136.0,88.0,66,0.9643835616438354,48.0,11.0
500,2017-12-10,4596.5,6907.5,,,,,,,,,,,,,,,,,,,,,,,,,,,,,,,,,,,,,,,,,,,145.0,,,,,12102.0,72.0,77,1.1753424657534248,48.0,11.0
501,2017-12-17,6588.5,9928.5,,,,,,,,,,,,,,,,,,,,,,,,,,,,,,,,,,,,,,,,,,,124.0,,,,,18153.0,108.0,88,1.3863013698630136,48.0,11.0
502,2017-12-24,4697.0,6995.0,,,,,,,,,,,,,,,,,,,,,,,,,,,,,,,,,,,,,,,,,,,148.0,,,,,14119.0,84.0,99,1.5972602739726025,48.0,11.0
503,2017-12-31,3171.0,5021.0,,,,,,,,,,,,,,,,,,,,,,,,,,,,,,,,,,,,,,,,,,,142.0,,,,,6051.0,36.0,110,1.8082191780821917,48.0,11.0
504,2018-01-07,5769.5,8771.5,,,,,,,,,,,,,,,,,,,,,,,,,,,,,,,,,,,,,,,,,,,141.0,,,,,14126.0,7.0,121,2.0191780821917806,48.0,11.0
505,2018-01-14,5078.5,7580.5,,,,,,,,,,,,,,,,,,,,,,,,,,,,,,,,,,,,,,,,,,,144.0,,,,,14126.0,7.0,132,2.23013698630137,48.0,11.0
506,2018-01-21,5194.0,7840.0,,,,,,,,,,,,,,,,,,,,,,,,,,,,,,,,,,,,,,,,,,,140.0,,,,,14126.0,7.0,143,2.4410958904109594,48.0,11.0
507,2018-01-28,191.0,244.0,,,,,,,,,,,,,,,,,,,,,,,,,,,,,,,,,,,,,,,,,,,137.0,,,,,2018.0,1.0,140,2.4109589041095885,48.0,10.0
508,2018-02-04,6272.0,9476.0,,,,,,,,,,,,,,,,,,,,,,,,,,,,,,,,,,,,,,,,,,,140.0,,,,,16144.0,11.0,165,2.8630136986301373,47.0,22.0
509,2018-02-11,4026.5,6328.5,,,,,,,,,,,,,,,,,,,,,,,,,,,,,,,,,,,,,,,,,,,79.0,,,,,8072.0,8.0,144,2.515068493150685,39.0,18.0
510,2018-02-18,4618.5,6970.5,,,,,,,,,,,,,,,,,,,,,,,,,,,,,,,,,,,,,,,,,,,78.0,,,,,12108.0,12.0,153,2.6876712328767125,39.0,18.0
511,2018-02-25,4398.5,6651.5,,,,,,,,,,,,,,,,,,,,,,,,,,,,,,,,,,,,,,,,,,,97.0,,,,,12108.0,12.0,162,2.86027397260274,39.0,18.0
512,2018-03-04,666.0,951.0,,,,,,,,,,,,,,,,,,,,,,,,,,,,,,,,,,,,,,,,,,,119.0,,,,,2018.0,2.0,171,3.0328767123287665,39.0,18.0
513,2018-03-11,3146.0,4911.0,,,,,,,,,,,,,,,,,,,,,,,,,,,,,,,,,,,,,,,,,,,109.0,,,,,8072.0,12.0,180,3.205479452054795,39.0,18.0
514,2018-03-18,,,,,,,,,,,,,,,,,,,,,,,,,,,,,,,,,,,,,,,,,,,,,130.0,,,,,,,189,3.3780821917808215,39.0,18.0
515,2018-03-25,4712.0,7299.0,,,,,,,,,,,,,,,,,,,,,,,,,,,,,,,,,,,,,,,,,,,149.0,,,,,10090.0,15.0,198,3.55068493150685,39.0,18.0
516,2018-04-01,4245.5,6600.5,,,,,,,,,,,,,,,,,,,,,,,,,,,,,,,,,,,,,,,,,,,79.0,,,,,10090.0,15.0,184,3.3095890410958906,37.0,16.0
517,2018-04-08,,,,,,,,,,,,,,,,,,,,,,,,,,,,,,,,,,,,,,,,,,,,,30.0,,,,,,,96,1.7315068493150685,11.0,8.0
518,2018-04-15,,,,,,,,,,,,,,,,,,,,,,,,,,,,,,,,,,,,,,,,,,,,,30.0,,,,,,,100,1.8082191780821917,11.0,8.0
519,2018-04-22,,,,,,,,,,,,,,,,,,,,,,,,,,,,,,,,,,,,,,,,,,,,,30.0,,,,,,,104,1.884931506849315,11.0,8.0
520,2018-04-29,,,,,,,,,,,,,,,,,,,,,,,,,,,,,,,,,,,,,,,,,,,,,29.0,,,,,,,108,1.9616438356164383,11.0,8.0
521,2018-05-06,,,,,,,,,,,,,,,,,,,,,,,,,,,,,,,,,,,,,,,,,,,,,,,,,,,,112,2.0383561643835617,11.0,12.0
522,2018-05-13,,,,,,,,,,,,,,,,,,,,,,,,,,,,,,,,,,,,,,,,,,,,,,,,,,,,116,2.115068493150685,11.0,12.0
523,2018-05-20,,,,,,,,,,,,,,,,,,,,,,,,,,,,,,,,,,,,,,,,,,,,,,,,,,,,120,2.191780821917808,11.0,12.0
524,2018-05-27,,,,,,,,,,,,,,,,,,,,,,,,,,,,,,,,,,,,,,,,,,,,,,,,,,,,124,2.2684931506849315,11.0,12.0
525,2018-06-03,,,,,,,,,,,,,,,,,,,,,,,,,,,,,,,,,,,,,,,,,,,,,,,,,,,,128,2.345205479452055,11.0,12.0
526,2018-06-10,,,,,,,,,,,,,,,,,,,,,,,,,,,,,,,,,,,,,,,,,,,,,,,,,,,,132,2.421917808219178,11.0,12.0
527,2018-06-17,,,,,,,,,,,,,,,,,,,,,,,,,,,,,,,,,,,,,,,,,,,,,,,,,,,,136,2.4986301369863013,11.0,12.0
528,2018-06-24,,,,,,,,,,,,,,,,,,,,,,,,,,,,,,,,,,,,,,,,,,,,,,,,,,,,140,2.5753424657534247,11.0,12.0
529,2018-07-01,,,,,,,,,,,,,,,,,,,,,,,,,,,,,,,,,,,,,,,,,,,,,,,,,,,,144,2.652054794520548,11.0,12.0
530,2018-07-08,1917.0,2979.0,,,,,,,,,,,,,,,,,,,,,,,,,,,,,,,,,,,,,,,,,,,52.0,,,,,6054.0,21.0,148,2.728767123287671,11.0,12.0
531,2018-07-15,2832.5,4393.5,,,,,,,,,,,,,,,,,,,,,,,,,,,,,,,,,,,,,,,,,,,69.0,,,,,8072.0,28.0,190,3.506849315068493,10.0,15.0
532,2018-07-22,3435.0,5200.0,,,,,,,,,,,,,,,,,,,,,,,,,,,,,,,,,,,,,,,,,,,71.0,,,,,10090.0,35.0,195,3.6027397260273974,10.0,15.0
533,2018-07-29,2847.5,4408.5,,,,,,,,,,,,,,,,,,,,,,,,,,,,,,,,,,,,,,,,,,,67.0,,,,,8072.0,28.0,200,3.698630136986301,10.0,15.0
534,2018-08-05,3450.5,5215.5,,,,,,,,,,,,,,,,,,,,,,,,,,,,,,,,,,,,,,,,,,,48.0,,,,,10090.0,38.166666666666664,205,3.7945205479452055,10.0,20.0
535,2018-08-12,3463.5,5228.5,,,,,,,,,,,,,,,,,,,,,,,,,,,,,,,,,,,,,,,,,,,55.0,,,,,10090.0,40.0,210,3.8904109589041096,10.0,20.0
536,2018-08-19,3476.5,5241.5,,,,,,,,,,,,,,,,,,,,,,,,,,,,,,,,,,,,,,,,,,,47.0,,,,,10090.0,40.0,215,3.986301369863013,10.0,20.0
537,2018-08-26,3487.0,5252.0,,,,,,,,,,,,,,,,,,,,,,,,,,,,,,,,,,,,,,,,,,,62.0,,,,,10090.0,40.0,220,4.082191780821917,10.0,20.0
538,2018-09-02,3497.0,5262.0,,,,,,,,,,,,,,,,,,,,,,,,,,,,,,,,,,,,,,,,,,,78.0,,,,,10090.0,40.0,225,4.178082191780822,10.0,20.0
539,2018-09-09,3504.5,5269.5,,,,,,,,,,,,,,,,,,,,,,,,,,,,,,,,,,,,,,,,,,,54.0,,,,,10090.0,45.0,230,4.273972602739726,10.0,20.0
540,2018-09-16,2520.0,3750.0,,,,,,,,,,,,,,,,,,,,,,,,,,,,,,,,,,,,,,,,,,,59.0,,,,,8072.0,36.0,235,4.36986301369863,10.0,20.0
541,2018-09-23,3518.5,5283.5,,,,,,,,,,,,,,,,,,,,,,,,,,,,,,,,,,,,,,,,,,,46.0,,,,,10090.0,45.0,240,4.465753424657534,10.0,20.0
542,2018-09-30,3531.5,5296.5,,,,,,,,,,,,,,,,,,,,,,,,,,,,,,,,,,,,,,,,,,,51.0,,,,,10090.0,45.0,245,4.561643835616438,10.0,20.0
543,2018-10-07,3542.0,5307.0,,,,,,,,,,,,,,,,,,,,,,,,,,,,,,,,,,,,,,,,,,,50.0,,,,,10090.0,50.0,250,4.657534246575342,10.0,20.0
544,2018-10-14,3553.0,5318.0,,,,,,,,,,,,,,,,,,,,,,,,,,,,,,,,,,,,,,,,,,,38.0,,,,,10090.0,50.0,255,4.7534246575342465,10.0,20.0
545,2018-10-21,3565.5,5330.5,,,,,,,,,,,,,,,,,,,,,,,,,,,,,,,,,,,,,,,,,,,33.0,,,,,10090.0,50.0,260,4.8493150684931505,10.0,20.0
546,2018-10-28,3577.0,5342.0,,,,,,,,,,,,,,,,,,,,,,,,,,,,,,,,,,,,,,,,,,,42.0,,,,,10090.0,50.0,265,4.945205479452055,10.0,20.0
547,2018-11-04,112.0,148.0,,,,,,,,,,,,,,,,,,,,,,,,,,,,,,,,,,,,,,,,,,,67.0,,,,,2018.0,11.0,5,0.0410958904109589,15.0,5.0
548,2018-11-11,3473.0,5202.0,,,,,,,,,,,,,,,,,,,,,,,,,,,,,,,,,,,,,,,,,,,62.0,,,,,8072.0,44.0,10,0.136986301369863,15.0,5.0
549,2018-11-18,2571.0,3809.0,,,,,,,,,,,,,,,,,,,,,,,,,,,,,,,,,,,,,,,,,,,67.0,,,,,6054.0,33.0,15,0.23287671232876714,15.0,5.0
550,2018-11-25,,,,,,,,,,,,,,,,,,,,,,,,,,,,,,,,,,,,,,,,,,,,,68.0,,,,,,,20,0.3287671232876712,15.0,5.0
551,2018-12-02,,,,,,,,,,,,,,,,,,,,,,,,,,,,,,,,,,,,,,,,,,,,,53.0,,,,,,,25,0.4246575342465753,15.0,5.0
552,2018-12-09,3593.0,5358.0,,,,,,,,,,,,,,,,,,,,,,,,,,,,,,,,,,,,,,,,,,,24.0,,,,,10090.0,60.0,30,0.5205479452054794,15.0,5.0
